"GEOID","NAME","STATEFP","mean_pm25","n_plants","n_plants_50km","has_plant","has_nearby_plant"
"01003","Baldwin","01",7.92539596557617,0,25,FALSE,TRUE
"01069","Houston","01",7.85404825210571,2,24,TRUE,TRUE
"01005","Barbour","01",7.91766357421875,0,15,FALSE,TRUE
"01119","Sumter","01",8.00079727172852,0,10,FALSE,TRUE
"05091","Miller","05",8.67705631256104,0,5,FALSE,TRUE
"05133","Sevier","05",8.82450294494629,0,5,FALSE,TRUE
"05093","Mississippi","05",8.7117395401001,3,19,TRUE,TRUE
"06037","Los Angeles","06",8.83684635162354,237,562,TRUE,TRUE
"06087","Santa Cruz","06",5.87028980255127,4,95,TRUE,TRUE
"06097","Sonoma","06",5.15984010696411,20,96,TRUE,TRUE
"06013","Contra Costa","06",6.97909355163574,29,210,TRUE,TRUE
"06003","Alpine","06",4.18012952804565,0,22,FALSE,TRUE
"08067","La Plata","08",3.80294108390808,3,12,TRUE,TRUE
"08113","San Miguel","08",3.6964647769928,1,13,TRUE,TRUE
"10001","Kent","10",8.06700420379639,10,101,TRUE,TRUE
"12123","Taylor","12",7.76192665100098,2,14,TRUE,TRUE
"12017","Citrus","12",7.92887449264526,2,9,TRUE,TRUE
"12071","Lee","12",8.13251781463623,2,13,TRUE,TRUE
"12101","Pasco","12",8.15466690063477,5,55,TRUE,TRUE
"12033","Escambia","12",8.02164173126221,8,20,TRUE,TRUE
"12037","Franklin","12",8.10341835021973,0,7,FALSE,TRUE
"12065","Jefferson","12",7.73206615447998,0,25,FALSE,TRUE
"13185","Lowndes","13",8.214919090271,9,22,TRUE,TRUE
"13127","Glynn","13",7.72753000259399,3,12,TRUE,TRUE
"13051","Chatham","13",8.10476303100586,5,22,TRUE,TRUE
"13179","Liberty","13",7.54818725585938,2,24,TRUE,TRUE
"13073","Columbia","13",8.1480655670166,3,25,TRUE,TRUE
"13137","Habersham","13",8.38139343261719,1,28,TRUE,TRUE
"16041","Franklin","16",5.17869138717651,2,14,TRUE,TRUE
"16033","Clark","16",5.10030460357666,2,8,TRUE,TRUE
"16079","Shoshone","16",6.47676181793213,0,9,FALSE,TRUE
"17031","Cook","17",10.4435234069824,29,123,TRUE,TRUE
"16073","Owyhee","16",5.34159994125366,3,76,TRUE,TRUE
"16035","Clearwater","16",5.80441379547119,2,3,TRUE,TRUE
"18123","Perry","18",8.53385543823242,3,14,TRUE,TRUE
"18075","Jay","18",9.57690525054932,4,34,TRUE,TRUE
"19045","Clinton","19",9.30882167816162,1,43,TRUE,TRUE
"04009","Graham","04",5.63131666183472,0,16,FALSE,TRUE
"19195","Worth","19",8.61497402191162,7,54,TRUE,TRUE
"20199","Wallace","20",6.27912902832031,1,12,TRUE,TRUE
"01117","Shelby","01",8.5045051574707,1,16,TRUE,TRUE
"01055","Etowah","01",8.46606636047363,0,11,FALSE,TRUE
"01051","Elmore","01",8.15707778930664,4,18,TRUE,TRUE
"01099","Monroe","01",7.75223159790039,2,12,TRUE,TRUE
"21095","Harlan","21",8.13073921203613,0,4,FALSE,TRUE
"22075","Plaquemines","22",8.69716739654541,1,17,TRUE,TRUE
"22117","Washington","22",8.13342380523682,3,7,TRUE,TRUE
"22017","Caddo","22",9.11748504638672,3,11,TRUE,TRUE
"01035","Conecuh","01",7.76951694488525,0,10,FALSE,TRUE
"01085","Lowndes","01",7.86127710342407,2,12,TRUE,TRUE
"23015","Lincoln","23",5.49191761016846,2,59,TRUE,TRUE
"23017","Oxford","23",7.15012216567993,11,92,TRUE,TRUE
"24005","Baltimore","24",9.0393180847168,17,157,TRUE,TRUE
"24025","Harford","24",8.47100067138672,17,124,TRUE,TRUE
"24041","Talbot","24",8.12205505371094,3,75,TRUE,TRUE
"24015","Cecil","24",8.19439315795898,6,122,TRUE,TRUE
"25009","Essex","25",7.01556539535522,29,180,TRUE,TRUE
"25005","Bristol","25",6.87168550491333,57,360,TRUE,TRUE
"25021","Norfolk","25",7.6296501159668,29,445,TRUE,TRUE
"26041","Delta","26",7.92728185653687,6,20,TRUE,TRUE
"26055","Grand Traverse","26",8.18633460998535,0,12,FALSE,TRUE
"26007","Alpena","26",8.0707836151123,5,14,TRUE,TRUE
"26103","Marquette","26",7.78690767288208,7,27,TRUE,TRUE
"26147","St. Clair","26",8.77289009094238,9,27,TRUE,TRUE
"26071","Iron","26",7.86243152618408,5,21,TRUE,TRUE
"27027","Clay","27",9.41349411010742,10,18,TRUE,TRUE
"27091","Martin","27",8.36396789550781,7,84,TRUE,TRUE
"28033","DeSoto","28",8.46308994293213,1,13,TRUE,TRUE
"28157","Wilkinson","28",8.6376371383667,0,6,FALSE,TRUE
"29113","Lincoln","29",8.41290473937988,0,13,FALSE,TRUE
"30001","Beaverhead","30",4.87586164474487,1,8,TRUE,TRUE
"30105","Valley","30",10.1600589752197,0,1,FALSE,TRUE
"31033","Cheyenne","31",5.93293142318726,1,23,TRUE,TRUE
"31049","Deuel","31",6.2790699005127,1,10,TRUE,TRUE
"34015","Gloucester","34",8.26954078674316,18,174,TRUE,TRUE
"36013","Chautauqua","36",8.05493259429932,9,32,TRUE,TRUE
"36045","Jefferson","36",8.27964878082275,29,107,TRUE,TRUE
"36059","Nassau","36",9.86124801635742,15,269,TRUE,TRUE
"37133","Onslow","37",7.11403703689575,9,112,TRUE,TRUE
"37009","Ashe","37",7.37053871154785,0,19,FALSE,TRUE
"37169","Stokes","37",7.88187599182129,4,63,TRUE,TRUE
"37053","Currituck","37",6.8705644607544,5,42,TRUE,TRUE
"37173","Swain","37",7.27921199798584,1,30,TRUE,TRUE
"37131","Northampton","37",7.45896482467651,17,142,TRUE,TRUE
"38035","Grand Forks","38",9.07838821411133,0,10,FALSE,TRUE
"38067","Pembina","38",10.027042388916,1,5,TRUE,TRUE
"39123","Ottawa","39",9.49106884002686,2,38,TRUE,TRUE
"45051","Horry","45",7.06599569320679,5,69,TRUE,TRUE
"40079","Le Flore","40",8.39792442321777,2,10,TRUE,TRUE
"40023","Choctaw","40",8.05415153503418,1,12,TRUE,TRUE
"40113","Osage","40",7.99695730209351,3,30,TRUE,TRUE
"41015","Curry","41",7.10415458679199,0,3,FALSE,TRUE
"41045","Malheur","41",5.56553316116333,13,28,TRUE,TRUE
"41001","Baker","41",5.30203866958618,9,25,TRUE,TRUE
"42111","Somerset","42",9.19791984558105,12,54,TRUE,TRUE
"42133","York","42",9.30477905273438,9,106,TRUE,TRUE
"45003","Aiken","45",7.77172994613647,3,63,TRUE,TRUE
"45091","York","45",7.97263431549072,4,115,TRUE,TRUE
"46127","Union","46",7.94340372085571,0,17,FALSE,TRUE
"46009","Bon Homme","46",7.69534301757812,1,8,TRUE,TRUE
"46089","McPherson","46",8.73093605041504,0,6,FALSE,TRUE
"47065","Hamilton","47",8.90391731262207,4,16,TRUE,TRUE
"47059","Greene","47",8.07630443572998,2,25,TRUE,TRUE
"47091","Johnson","47",7.45450067520142,0,13,FALSE,TRUE
"48355","Nueces","48",8.01014137268066,12,25,TRUE,TRUE
"48215","Hidalgo","48",9.02525329589844,21,51,TRUE,TRUE
"48061","Cameron","48",9.49010944366455,15,40,TRUE,TRUE
"48479","Webb","48",7.84970092773438,11,18,TRUE,TRUE
"48057","Calhoun","48",8.24619483947754,7,28,TRUE,TRUE
"48323","Maverick","48",7.67219924926758,3,9,TRUE,TRUE
"48465","Val Verde","48",8.29910564422607,3,6,TRUE,TRUE
"48039","Brazoria","48",8.68284225463867,28,135,TRUE,TRUE
"48229","Hudspeth","48",5.27430438995361,0,13,FALSE,TRUE
"48203","Harrison","48",8.91290092468262,3,12,TRUE,TRUE
"48387","Red River","48",8.43863296508789,0,11,FALSE,TRUE
"48315","Marion","48",8.86435604095459,1,12,TRUE,TRUE
"49045","Tooele","49",5.4842381477356,2,32,TRUE,TRUE
"49023","Juab","49",5.17797470092773,2,21,TRUE,TRUE
"51001","Accomack","51",6.88169574737549,8,28,TRUE,TRUE
"51095","James City","51",7.7569842338562,2,40,TRUE,TRUE
"51131","Northampton","51",6.87952613830566,2,23,TRUE,TRUE
"51057","Essex","51",7.86315441131592,1,34,TRUE,TRUE
"51107","Loudoun","51",8.70307064056396,1,96,TRUE,TRUE
"51083","Halifax","51",7.89800643920898,9,91,TRUE,TRUE
"53067","Thurston","53",5.74378824234009,4,21,TRUE,TRUE
"53029","Island","53",5.59858751296997,0,13,FALSE,TRUE
"54047","McDowell","54",7.90930795669556,0,4,FALSE,TRUE
"54011","Cabell","54",8.47419834136963,0,15,FALSE,TRUE
"54073","Pleasants","54",8.834792137146,3,11,TRUE,TRUE
"54037","Jefferson","54",8.97922897338867,3,43,TRUE,TRUE
"54065","Morgan","54",9.02803230285645,0,35,FALSE,TRUE
"17125","Mason","17",8.7658863067627,2,30,TRUE,TRUE
"54003","Berkeley","54",9.18899345397949,1,44,TRUE,TRUE
"17007","Boone","17",8.94515514373779,2,60,TRUE,TRUE
"55011","Buffalo","55",9.41555213928223,2,65,TRUE,TRUE
"55121","Trempealeau","55",9.51016426086426,2,46,TRUE,TRUE
"55075","Marinette","55",8.40120506286621,9,31,TRUE,TRUE
"56029","Park","56",4.43723726272583,6,12,TRUE,TRUE
"56039","Teton","56",3.91691112518311,2,9,TRUE,TRUE
"06057","Nevada","06",5.6468768119812,9,101,TRUE,TRUE
"05085","Lonoke","05",8.6707878112793,0,14,FALSE,TRUE
"05099","Nevada","05",8.44257068634033,0,6,FALSE,TRUE
"05013","Calhoun","05",8.4523458480835,2,6,TRUE,TRUE
"06007","Butte","06",6.29119920730591,21,76,TRUE,TRUE
"06089","Shasta","06",5.87955570220947,38,59,TRUE,TRUE
"06047","Merced","06",7.4457802772522,18,124,TRUE,TRUE
"06009","Calaveras","06",6.2792763710022,5,120,TRUE,TRUE
"06033","Lake","06",5.32989978790283,4,36,TRUE,TRUE
"06115","Yuba","06",6.83025646209717,4,107,TRUE,TRUE
"08035","Douglas","08",5.67509508132935,2,70,TRUE,TRUE
"08019","Clear Creek","08",3.76305103302002,2,35,TRUE,TRUE
"08049","Grand","08",3.39177584648132,3,34,TRUE,TRUE
"08029","Delta","08",4.1744122505188,0,28,FALSE,TRUE
"08091","Ouray","08",3.47516775131226,1,12,TRUE,TRUE
"08055","Huerfano","08",4.15673780441284,4,29,TRUE,TRUE
"08111","San Juan","08",3.52969074249268,0,4,FALSE,TRUE
"09140","Naugatuck Valley","09",7.91168832778931,12,148,TRUE,TRUE
"12107","Putnam","12",7.47788429260254,5,27,TRUE,TRUE
"12001","Alachua","12",7.42443513870239,11,31,TRUE,TRUE
"12129","Wakulla","12",8.01657390594482,2,10,TRUE,TRUE
"12041","Gilchrist","12",7.5135908126831,3,19,TRUE,TRUE
"13089","DeKalb","13",9.93874263763428,4,37,TRUE,TRUE
"13157","Jackson","13",9.44267559051514,1,23,TRUE,TRUE
"13267","Tattnall","13",7.89552736282349,2,19,TRUE,TRUE
"13031","Bulloch","13",7.4985466003418,4,28,TRUE,TRUE
"13075","Cook","13",8.60872173309326,1,16,TRUE,TRUE
"13289","Twiggs","13",8.06894779205322,3,25,TRUE,TRUE
"13303","Washington","13",7.90491247177124,3,20,TRUE,TRUE
"13301","Warren","13",7.94028949737549,1,28,TRUE,TRUE
"16085","Valley","16",4.39706039428711,1,6,TRUE,TRUE
"16023","Butte","16",5.36216068267822,0,5,FALSE,TRUE
"16077","Power","16",5.412672996521,7,12,TRUE,TRUE
"17017","Cass","17",8.58634567260742,0,20,FALSE,TRUE
"18035","Delaware","18",9.54945373535156,0,44,FALSE,TRUE
"18013","Brown","18",8.85901165008545,0,28,FALSE,TRUE
"18027","Daviess","18",9.01073551177979,2,20,TRUE,TRUE
"19041","Clay","19",8.01218223571777,4,47,TRUE,TRUE
"20139","Osage","20",7.76656246185303,2,28,TRUE,TRUE
"20097","Kiowa","20",7.13241720199585,2,25,TRUE,TRUE
"20069","Gray","20",6.88070344924927,4,24,TRUE,TRUE
"20067","Grant","20",6.63204288482666,1,11,TRUE,TRUE
"21183","Ohio","21",8.51344108581543,1,12,TRUE,TRUE
"21193","Perry","21",8.15621662139893,0,1,FALSE,TRUE
"21115","Johnson","21",8.03663349151611,0,4,FALSE,TRUE
"21061","Edmonson","21",8.12254524230957,0,3,FALSE,TRUE
"21167","Mercer","21",8.15170001983643,2,9,TRUE,TRUE
"21237","Wolfe","21",7.99059534072876,0,4,FALSE,TRUE
"22033","East Baton Rouge","22",9.21543598175049,5,24,TRUE,TRUE
"22099","St. Martin","22",8.75696563720703,0,35,FALSE,TRUE
"22025","Catahoula","22",9.0636739730835,0,3,FALSE,TRUE
"22069","Natchitoches","22",8.83540058135986,1,7,TRUE,TRUE
"23023","Sagadahoc","23",5.64494848251343,3,54,TRUE,TRUE
"26135","Oscoda","26",8.26472187042236,1,16,TRUE,TRUE
"27097","Morrison","27",8.56648445129395,3,95,TRUE,TRUE
"27013","Blue Earth","27",8.73095607757568,22,141,TRUE,TRUE
"27147","Steele","27",9.01621532440186,15,180,TRUE,TRUE
"27065","Kanabec","27",9.31678199768066,2,68,TRUE,TRUE
"27015","Brown","27",8.44495964050293,3,105,TRUE,TRUE
"28145","Union","28",8.1152286529541,0,4,FALSE,TRUE
"28053","Humphreys","28",8.87847328186035,0,6,FALSE,TRUE
"29041","Chariton","29",7.6940712928772,1,18,TRUE,TRUE
"29065","Dent","29",7.62220859527588,0,3,FALSE,TRUE
"30077","Powell","30",5.91227340698242,0,8,FALSE,TRUE
"30031","Gallatin","30",5.17713117599487,0,6,FALSE,TRUE
"30059","Meagher","30",5.96427011489868,1,14,TRUE,TRUE
"30089","Sanders","30",7.35473871231079,2,6,TRUE,TRUE
"30007","Broadwater","30",6.18540048599243,1,7,TRUE,TRUE
"30023","Deer Lodge","30",5.24358224868774,1,3,TRUE,TRUE
"31185","York","31",7.18636751174927,1,17,TRUE,TRUE
"34027","Morris","34",8.47412204742432,15,384,TRUE,TRUE
"35033","Mora","35",4.10338640213013,0,12,FALSE,TRUE
"36111","Ulster","36",8.21624851226807,19,162,TRUE,TRUE
"36051","Livingston","36",8.23337364196777,6,118,TRUE,TRUE
"36123","Yates","36",8.22129726409912,3,80,TRUE,TRUE
"37153","Richmond","37",8.11102390289307,12,122,TRUE,TRUE
"37051","Cumberland","37",8.1290807723999,15,206,TRUE,TRUE
"37085","Harnett","37",8.04025268554688,12,174,TRUE,TRUE
"37199","Yancey","37",7.19328355789185,0,28,FALSE,TRUE
"37065","Edgecombe","37",7.46457386016846,8,185,TRUE,TRUE
"37193","Wilkes","37",8.40813636779785,0,67,FALSE,TRUE
"37117","Martin","37",7.23168039321899,16,123,TRUE,TRUE
"37099","Jackson","37",7.02677917480469,5,34,TRUE,TRUE
"39075","Holmes","39",9.72273445129395,0,22,FALSE,TRUE
"39069","Henry","39",9.33574771881104,5,56,TRUE,TRUE
"40027","Cleveland","40",8.1840705871582,2,19,TRUE,TRUE
"40029","Coal","40",8.03333568572998,0,4,FALSE,TRUE
"40075","Kiowa","40",6.97623062133789,0,24,FALSE,TRUE
"41017","Deschutes","41",5.94162464141846,7,32,TRUE,TRUE
"41047","Marion","41",5.63133955001831,29,90,TRUE,TRUE
"42027","Centre","42",9.05230808258057,4,28,TRUE,TRUE
"42041","Cumberland","42",9.69934368133545,6,58,TRUE,TRUE
"42035","Clinton","42",8.9748592376709,0,20,FALSE,TRUE
"42003","Allegheny","42",10.576735496521,9,38,TRUE,TRUE
"42129","Westmoreland","42",9.89790630340576,3,61,TRUE,TRUE
"45077","Pickens","45",7.9346194267273,4,58,TRUE,TRUE
"45085","Sumter","45",7.41964292526245,0,60,FALSE,TRUE
"45063","Lexington","45",8.07761287689209,11,48,TRUE,TRUE
"45055","Kershaw","45",7.49719905853271,2,56,TRUE,TRUE
"45089","Williamsburg","45",6.95770406723022,1,45,TRUE,TRUE
"46093","Meade","46",7.36433696746826,0,4,FALSE,TRUE
"46103","Pennington","46",7.18789863586426,2,3,TRUE,TRUE
"46085","Lyman","46",8.142991065979,1,11,TRUE,TRUE
"46057","Hamlin","46",8.7981481552124,0,27,FALSE,TRUE
"47093","Knox","47",8.85776996612549,1,16,TRUE,TRUE
"47033","Crockett","47",7.95087242126465,0,10,FALSE,TRUE
"47085","Humphreys","47",7.98406505584717,1,8,TRUE,TRUE
"47001","Anderson","47",8.39245891571045,3,11,TRUE,TRUE
"47021","Cheatham","47",8.16170978546143,1,12,TRUE,TRUE
"48481","Wharton","48",8.02426052093506,6,53,TRUE,TRUE
"48001","Anderson","48",8.7023983001709,0,9,FALSE,TRUE
"48157","Fort Bend","48",9.01004219055176,14,128,TRUE,TRUE
"48257","Kaufman","48",8.82091236114502,2,32,TRUE,TRUE
"48471","Walker","48",8.91879653930664,0,13,FALSE,TRUE
"48495","Winkler","48",5.65631771087646,2,35,TRUE,TRUE
"48125","Dickens","48",5.57525396347046,1,13,TRUE,TRUE
"48053","Burnet","48",8.56902122497559,2,28,TRUE,TRUE
"48267","Kimble","48",8.01031303405762,1,4,TRUE,TRUE
"48287","Lee","48",8.48796367645264,0,30,FALSE,TRUE
"48289","Leon","48",8.68812561035156,0,10,FALSE,TRUE
"48063","Camp","48",9.45528221130371,0,6,FALSE,TRUE
"48449","Titus","48",9.01297092437744,1,8,TRUE,TRUE
"48455","Trinity","48",8.85947036743164,0,6,FALSE,TRUE
"48477","Washington","48",8.6215410232544,0,19,FALSE,TRUE
"48341","Moore","48",6.15614986419678,6,29,TRUE,TRUE
"48155","Foard","48",6.43492841720581,1,17,TRUE,TRUE
"49057","Weber","49",5.93597793579102,4,25,TRUE,TRUE
"49051","Wasatch","49",4.23761653900146,5,33,TRUE,TRUE
"49013","Duchesne","49",4.31922769546509,1,8,TRUE,TRUE
"49017","Garfield","49",4.22128915786743,1,17,TRUE,TRUE
"51087","Henrico","51",8.5092306137085,4,46,TRUE,TRUE
"51187","Warren","51",9.00692081451416,2,18,TRUE,TRUE
"51015","Augusta","51",8.2380199432373,0,22,FALSE,TRUE
"51037","Charlotte","51",7.86977863311768,1,53,TRUE,TRUE
"51121","Montgomery","51",7.97516584396362,3,16,TRUE,TRUE
"51019","Bedford","51",8.15151500701904,4,38,TRUE,TRUE
"51155","Pulaski","51",8.0429630279541,2,16,TRUE,TRUE
"51109","Louisa","51",8.19138431549072,7,36,TRUE,TRUE
"51137","Orange","51",8.37104034423828,0,37,FALSE,TRUE
"51091","Highland","51",7.92466497421265,1,4,TRUE,TRUE
"53041","Lewis","53",5.46740198135376,6,32,TRUE,TRUE
"53065","Stevens","53",8.81339168548584,3,18,TRUE,TRUE
"53017","Douglas","53",8.5254373550415,2,17,TRUE,TRUE
"54109","Wyoming","54",7.88614463806152,0,6,FALSE,TRUE
"54041","Lewis","54",8.34977340698242,0,2,FALSE,TRUE
"54001","Barbour","54",8.3971004486084,1,16,TRUE,TRUE
"55111","Sauk","55",9.76810359954834,1,47,TRUE,TRUE
"55035","Eau Claire","55",9.52081775665283,1,28,TRUE,TRUE
"31005","Arthur","31",6.28887462615967,0,2,FALSE,TRUE
"38007","Billings","38",9.53927040100098,0,3,FALSE,TRUE
"09110","Capitol","09",7.82650566101074,33,411,TRUE,TRUE
"10003","New Castle","10",8.72122097015381,14,167,TRUE,TRUE
"10005","Sussex","10",7.2902340888977,7,45,TRUE,TRUE
"11001","District of Columbia","11",10.8870964050293,14,100,TRUE,TRUE
"12075","Levy","12",7.60376024246216,1,21,TRUE,TRUE
"12057","Hillsborough","12",8.60572052001953,19,77,TRUE,TRUE
"12009","Brevard","12",7.41020059585571,10,41,TRUE,TRUE
"12113","Santa Rosa","12",7.91635370254517,4,17,TRUE,TRUE
"12131","Walton","12",7.83357763290405,1,16,TRUE,TRUE
"12029","Dixie","12",7.74476099014282,0,11,FALSE,TRUE
"12073","Leon","12",7.93533086776733,3,18,TRUE,TRUE
"12079","Madison","12",7.68335103988647,0,27,FALSE,TRUE
"13049","Charlton","13",7.56831312179565,1,28,TRUE,TRUE
"13215","Muscogee","13",8.61659717559814,4,28,TRUE,TRUE
"13105","Elbert","13",8.37262153625488,2,35,TRUE,TRUE
"13103","Effingham","13",7.4304051399231,6,35,TRUE,TRUE
"16059","Lemhi","16",4.57028579711914,1,3,TRUE,TRUE
"16069","Nez Perce","16",6.19744634628296,1,6,TRUE,TRUE
"01089","Madison","01",8.48391437530518,1,12,TRUE,TRUE
"04005","Coconino","04",4.49828672409058,3,10,TRUE,TRUE
"04027","Yuma","04",5.90875148773193,8,49,TRUE,TRUE
"04012","La Paz","04",5.95430707931519,2,51,TRUE,TRUE
"04001","Apache","04",4.55034065246582,3,12,TRUE,TRUE
"05139","Union","05",8.64385795593262,1,9,TRUE,TRUE
"05017","Chicot","05",8.72068786621094,1,6,TRUE,TRUE
"05107","Phillips","05",8.17076587677002,0,7,FALSE,TRUE
"05041","Desha","05",8.40001487731934,2,11,TRUE,TRUE
"05131","Sebastian","05",8.53048706054688,0,8,FALSE,TRUE
"05007","Benton","05",9.00599193572998,1,12,TRUE,TRUE
"05015","Carroll","05",8.228515625,2,11,TRUE,TRUE
"05121","Randolph","05",8.04193115234375,0,9,FALSE,TRUE
"05021","Clay","05",8.73081302642822,2,14,TRUE,TRUE
"06073","San Diego","06",6.36687517166138,89,182,TRUE,TRUE
"06065","Riverside","06",6.57789087295532,102,353,TRUE,TRUE
"06041","Marin","06",5.47276449203491,3,74,TRUE,TRUE
"06081","San Mateo","06",6.03302717208862,7,111,TRUE,TRUE
"06017","El Dorado","06",5.66851377487183,15,137,TRUE,TRUE
"08077","Mesa","08",4.30527925491333,8,23,TRUE,TRUE
"08123","Weld","08",5.52618026733398,34,140,TRUE,TRUE
"08069","Larimer","08",4.35725927352905,12,70,TRUE,TRUE
"08107","Routt","08",3.69559049606323,1,9,TRUE,TRUE
"36025","Delaware","36",8.35951519012451,1,67,TRUE,TRUE
"37031","Carteret","37",6.80763006210327,0,28,FALSE,TRUE
"37165","Scotland","37",7.84575271606445,16,122,TRUE,TRUE
"37019","Brunswick","37",6.98074388504028,4,56,TRUE,TRUE
"37129","New Hanover","37",7.54850959777832,3,35,TRUE,TRUE
"37119","Mecklenburg","37",8.96850490570068,7,132,TRUE,TRUE
"37137","Pamlico","37",7.11128807067871,2,43,TRUE,TRUE
"37013","Beaufort","37",7.32096147537231,11,97,TRUE,TRUE
"37089","Henderson","37",7.50245237350464,4,53,TRUE,TRUE
"37113","Macon","37",7.16810750961304,3,37,TRUE,TRUE
"37139","Pasquotank","37",7.25808048248291,3,58,TRUE,TRUE
"37007","Anson","37",7.99195194244385,10,107,TRUE,TRUE
"38017","Cass","38",8.71318531036377,1,20,TRUE,TRUE
"38099","Walsh","38",9.58908271789551,1,6,TRUE,TRUE
"38053","McKenzie","38",10.2222099304199,1,8,TRUE,TRUE
"39167","Washington","39",9.00545310974121,2,17,TRUE,TRUE
"39009","Athens","39",8.89632320404053,0,12,FALSE,TRUE
"40089","McCurtain","40",8.47558307647705,2,7,TRUE,TRUE
"41007","Clatsop","41",4.47102403640747,1,10,TRUE,TRUE
"41039","Lane","41",7.24085998535156,11,38,TRUE,TRUE
"41051","Multnomah","41",6.63916063308716,3,65,TRUE,TRUE
"41035","Klamath","41",5.41354274749756,16,51,TRUE,TRUE
"41055","Sherman","41",5.64567518234253,9,42,TRUE,TRUE
"41021","Gilliam","41",5.40156888961792,12,58,TRUE,TRUE
"42055","Franklin","42",9.29086971282959,11,50,TRUE,TRUE
"42017","Bucks","42",8.73174095153809,9,289,TRUE,TRUE
"42123","Warren","42",8.00826549530029,2,20,TRUE,TRUE
"42103","Pike","42",8.2932939529419,1,107,TRUE,TRUE
"42029","Chester","42",8.71420574188232,5,172,TRUE,TRUE
"44007","Providence","44",7.28688812255859,51,451,TRUE,TRUE
"45013","Beaufort","45",7.95609426498413,4,27,TRUE,TRUE
"45007","Anderson","45",8.07002544403076,11,55,TRUE,TRUE
"45069","Marlboro","45",7.51268291473389,3,132,TRUE,TRUE
"45043","Georgetown","45",7.0456485748291,3,22,TRUE,TRUE
"47019","Carter","47",7.71309995651245,2,15,TRUE,TRUE
"47073","Hawkins","47",8.19602584838867,1,21,TRUE,TRUE
"47025","Claiborne","47",8.05116939544678,0,8,FALSE,TRUE
"47055","Giles","47",7.87031698226929,0,11,FALSE,TRUE
"47123","Monroe","47",8.15231800079346,1,27,TRUE,TRUE
"47009","Blount","47",8.27550029754639,1,22,TRUE,TRUE
"48071","Chambers","48",8.80870532989502,5,82,TRUE,TRUE
"48167","Galveston","48",9.0355224609375,15,102,TRUE,TRUE
"48003","Andrews","48",5.39013433456421,8,33,TRUE,TRUE
"48037","Bowie","48",8.70432567596436,0,10,FALSE,TRUE
"48205","Hartley","48",5.41841793060303,0,12,FALSE,TRUE
"48043","Brewster","48",6.44395685195923,2,8,TRUE,TRUE
"49037","San Juan","49",4.10017395019531,2,10,TRUE,TRUE
"49047","Uintah","49",4.60241413116455,1,7,TRUE,TRUE
"49033","Rich","49",4.52823305130005,1,21,TRUE,TRUE
"51051","Dickenson","51",7.9664568901062,0,6,FALSE,TRUE
"51191","Washington","51",7.89158344268799,1,16,TRUE,TRUE
"04013","Maricopa","04",6.4219799041748,58,80,TRUE,TRUE
"04007","Gila","04",5.07684421539307,1,11,TRUE,TRUE
"04021","Pinal","04",5.90638113021851,19,87,TRUE,TRUE
"16029","Caribou","16",4.6261773109436,3,20,TRUE,TRUE
"17153","Pulaski","17",8.44985294342041,0,11,FALSE,TRUE
"17185","Wabash","17",8.68873977661133,0,18,FALSE,TRUE
"17161","Rock Island","17",9.6046314239502,3,37,TRUE,TRUE
"17097","Lake","17",9.42233371734619,4,62,TRUE,TRUE
"18129","Posey","18",8.67956161499023,2,13,TRUE,TRUE
"18061","Harrison","18",8.53091430664062,1,18,TRUE,TRUE
"18089","Lake","18",9.44528388977051,12,83,TRUE,TRUE
"18161","Union","18",9.11758804321289,0,35,FALSE,TRUE
"18177","Wayne","18",9.32657241821289,10,47,TRUE,TRUE
"19163","Scott","19",9.45768165588379,2,27,TRUE,TRUE
"19063","Emmet","19",8.25904273986816,2,52,TRUE,TRUE
"19149","Plymouth","19",7.93426895141602,1,22,TRUE,TRUE
"20131","Nemaha","20",7.99596118927002,2,13,TRUE,TRUE
"01043","Cullman","01",9.09153270721436,0,11,FALSE,TRUE
"01121","Talladega","01",8.23236465454102,2,13,TRUE,TRUE
"21101","Henderson","21",8.78872680664062,0,18,FALSE,TRUE
"01087","Macon","01",8.00131893157959,0,19,FALSE,TRUE
"21195","Pike","21",8.11913394927979,0,3,FALSE,TRUE
"01033","Colbert","01",8.11430549621582,2,12,TRUE,TRUE
"01131","Wilcox","01",7.77787637710571,2,13,TRUE,TRUE
"01009","Blount","01",8.58961486816406,0,12,FALSE,TRUE
"21013","Bell","21",8.05057144165039,0,4,FALSE,TRUE
"21135","Lewis","21",8.28551006317139,0,11,FALSE,TRUE
"22087","St. Bernard","22",8.78592491149902,3,19,TRUE,TRUE
"22105","Tangipahoa","22",8.37524795532227,0,26,FALSE,TRUE
"22071","Orleans","22",9.22520542144775,5,16,TRUE,TRUE
"22029","Concordia","22",9.17975616455078,1,7,TRUE,TRUE
"01025","Clarke","01",7.83541870117188,1,10,TRUE,TRUE
"22035","East Carroll","22",8.90254020690918,0,5,FALSE,TRUE
"22115","Vernon","22",8.75432968139648,0,4,FALSE,TRUE
"22123","West Carroll","22",8.62710285186768,0,6,FALSE,TRUE
"22037","East Feliciana","22",8.47256088256836,0,16,FALSE,TRUE
"23027","Waldo","23",5.75056791305542,4,71,TRUE,TRUE
"01041","Crenshaw","01",8.0650520324707,0,9,FALSE,TRUE
"01065","Hale","01",7.93783473968506,0,5,FALSE,TRUE
"23025","Somerset","23",6.9945478439331,27,80,TRUE,TRUE
"24037","St. Mary's","24",7.81006765365601,0,62,FALSE,TRUE
"24039","Somerset","24",8.0433406829834,6,34,TRUE,TRUE
"24021","Frederick","24",8.88706588745117,6,94,TRUE,TRUE
"24035","Queen Anne's","24",8.32083702087402,7,123,TRUE,TRUE
"24029","Kent","24",7.9616904258728,5,114,TRUE,TRUE
"25007","Dukes","25",5.3471851348877,5,130,TRUE,TRUE
"25017","Middlesex","25",7.90181732177734,56,425,TRUE,TRUE
"26109","Menominee","26",8.21558380126953,4,32,TRUE,TRUE
"26141","Presque Isle","26",7.92755031585693,0,13,FALSE,TRUE
"27031","Cook","27",8.1721134185791,1,2,TRUE,TRUE
"27167","Wilkin","27",9.14566802978516,0,17,FALSE,TRUE
"27137","St. Louis","27",8.44942760467529,8,23,TRUE,TRUE
"27077","Lake of the Woods","27",9.182541847229,0,0,FALSE,FALSE
"27119","Polk","27",9.37367343902588,2,10,TRUE,TRUE
"27089","Marshall","27",9.63515377044678,0,6,FALSE,TRUE
"27107","Norman","27",9.35131645202637,1,17,TRUE,TRUE
"28001","Adams","28",8.80241203308105,0,2,FALSE,TRUE
"28151","Washington","28",8.75645446777344,1,6,TRUE,TRUE
"28087","Lowndes","28",8.49385929107666,2,3,TRUE,TRUE
"28149","Warren","28",8.68066310882568,3,9,TRUE,TRUE
"28021","Claiborne","28",8.50346088409424,1,4,TRUE,TRUE
"28103","Noxubee","28",8.35717678070068,0,8,FALSE,TRUE
"28143","Tunica","28",8.20310592651367,0,8,FALSE,TRUE
"29143","New Madrid","29",8.66141510009766,1,9,TRUE,TRUE
"29031","Cape Girardeau","29",8.32036781311035,2,10,TRUE,TRUE
"29189","St. Louis","29",9.96854782104492,0,21,FALSE,TRUE
"29171","Putnam","29",7.81523704528809,2,12,TRUE,TRUE
"29023","Butler","29",8.37024116516113,1,7,TRUE,TRUE
"29037","Cass","29",8.0165433883667,3,31,TRUE,TRUE
"30003","Big Horn","30",6.00084829330444,3,13,TRUE,TRUE
"30081","Ravalli","30",5.05332136154175,0,2,FALSE,TRUE
"30071","Phillips","30",9.85590934753418,0,0,FALSE,FALSE
"30005","Blaine","30",9.68135643005371,0,0,FALSE,FALSE
"30085","Roosevelt","30",10.0883855819702,3,7,TRUE,TRUE
"30083","Richland","30",9.8998851776123,1,7,TRUE,TRUE
"31169","Thayer","31",7.47698450088501,2,16,TRUE,TRUE
"32033","White Pine","32",4.82872152328491,1,1,TRUE,TRUE
"33015","Rockingham","33",6.85883235931396,6,152,TRUE,TRUE
"33017","Strafford","33",6.54874992370605,6,62,TRUE,TRUE
"34009","Cape May","34",6.98567867279053,3,53,TRUE,TRUE
"34023","Middlesex","34",9.68556880950928,62,387,TRUE,TRUE
"34007","Camden","34",8.7315263748169,19,190,TRUE,TRUE
"35045","San Juan","35",4.5250244140625,3,13,TRUE,TRUE
"35055","Taos","35",4.04673433303833,5,15,TRUE,TRUE
"36103","Suffolk","36",7.47767019271851,52,274,TRUE,TRUE
"36047","Kings","36",10.6965742111206,20,296,TRUE,TRUE
"36105","Sullivan","36",8.1300802230835,19,115,TRUE,TRUE
"13123","Gilmer","13",8.74209117889404,0,17,FALSE,TRUE
"13305","Wayne","13",7.59863424301147,2,18,TRUE,TRUE
"13189","McDuffie","13",7.90134000778198,0,26,FALSE,TRUE
"13029","Bryan","13",7.59524154663086,1,23,TRUE,TRUE
"13025","Brantley","13",7.47994136810303,0,10,FALSE,TRUE
"13279","Toombs","13",7.89584493637085,0,20,FALSE,TRUE
"13107","Emanuel","13",7.71079063415527,1,20,TRUE,TRUE
"13317","Wilkes","13",8.0040864944458,0,26,FALSE,TRUE
"13133","Greene","13",8.25211143493652,1,26,TRUE,TRUE
"13263","Talbot","13",8.00178718566895,1,35,TRUE,TRUE
"13205","Mitchell","13",8.84305477142334,6,36,TRUE,TRUE
"13283","Treutlen","13",7.82447385787964,0,9,FALSE,TRUE
"13197","Marion","13",7.97797441482544,0,38,FALSE,TRUE
"13079","Crawford","13",8.13890933990479,0,35,FALSE,TRUE
"13007","Baker","13",8.27875423431396,0,39,FALSE,TRUE
"16037","Custer","16",4.3367395401001,0,2,FALSE,TRUE
"16015","Boise","16",4.7614254951477,1,18,TRUE,TRUE
"18145","Shelby","18",9.29730987548828,1,47,TRUE,TRUE
"18053","Grant","18",9.47204399108887,3,34,TRUE,TRUE
"18175","Washington","18",8.6425724029541,0,14,FALSE,TRUE
"18159","Tipton","18",9.4414873123169,1,36,TRUE,TRUE
"19069","Franklin","19",8.50118732452393,4,43,TRUE,TRUE
"19073","Greene","19",8.06891536712646,4,44,TRUE,TRUE
"19027","Carroll","19",8.0372142791748,4,36,TRUE,TRUE
"19117","Lucas","19",8.21865844726562,0,20,FALSE,TRUE
"20113","McPherson","20",7.63335418701172,2,14,TRUE,TRUE
"20145","Pawnee","20",6.99131107330322,1,17,TRUE,TRUE
"20161","Riley","20",7.90523290634155,0,12,FALSE,TRUE
"21179","Nelson","21",8.33572769165039,0,11,FALSE,TRUE
"21085","Grayson","21",8.2045087814331,0,8,FALSE,TRUE
"21033","Caldwell","21",8.12018966674805,0,8,FALSE,TRUE
"21175","Morgan","21",7.8939962387085,0,6,FALSE,TRUE
"21155","Marion","21",8.11728191375732,0,6,FALSE,TRUE
"21209","Scott","21",8.24997520446777,1,16,TRUE,TRUE
"21079","Garrard","21",8.07200908660889,2,9,TRUE,TRUE
"21177","Muhlenberg","21",8.40302658081055,1,4,TRUE,TRUE
"21031","Butler","21",8.21874618530273,0,4,FALSE,TRUE
"21107","Hopkins","21",8.46248531341553,0,11,FALSE,TRUE
"21121","Knox","21",8.14657020568848,0,2,FALSE,TRUE
"21187","Owen","21",8.26346302032471,0,19,FALSE,TRUE
"21071","Floyd","21",8.13404369354248,0,1,FALSE,TRUE
"21181","Nicholas","21",8.10769939422607,0,9,FALSE,TRUE
"21011","Bath","21",8.03848075866699,0,8,FALSE,TRUE
"21205","Rowan","21",8.0438871383667,1,3,TRUE,TRUE
"21099","Hart","21",8.07182216644287,0,3,FALSE,TRUE
"21153","Magoffin","21",7.93531084060669,0,2,FALSE,TRUE
"21197","Powell","21",8.06092357635498,0,7,FALSE,TRUE
"21063","Elliott","21",7.95706462860107,0,8,FALSE,TRUE
"22059","LaSalle","22",8.75725841522217,0,3,FALSE,TRUE
"22039","Evangeline","22",9.00254440307617,1,7,TRUE,TRUE
"22015","Bossier","22",8.90862846374512,0,7,FALSE,TRUE
"22041","Franklin","22",8.89511394500732,0,4,FALSE,TRUE
"22045","Iberia","22",8.93715381622314,1,26,TRUE,TRUE
"22081","Red River","22",8.94734859466553,1,6,TRUE,TRUE
"22043","Grant","22",8.78911113739014,0,3,FALSE,TRUE
"22067","Morehouse","22",8.95116329193115,1,8,TRUE,TRUE
"22021","Caldwell","22",8.77732181549072,0,7,FALSE,TRUE
"23021","Piscataquis","23",6.87267827987671,2,56,TRUE,TRUE
"51093","Isle of Wight","51",7.2928671836853,3,63,TRUE,TRUE
"51005","Alleghany","51",8.04655075073242,2,16,TRUE,TRUE
"51153","Prince William","51",8.67386722564697,3,78,TRUE,TRUE
"51193","Westmoreland","51",7.65972709655762,3,31,TRUE,TRUE
"51133","Northumberland","51",7.36946439743042,0,22,FALSE,TRUE
"51103","Lancaster","51",7.60727262496948,2,23,TRUE,TRUE
"51143","Pittsylvania","51",7.88125562667847,7,76,TRUE,TRUE
"51059","Fairfax","51",9.29746150970459,2,102,TRUE,TRUE
"53055","San Juan","53",5.13509130477905,0,9,FALSE,TRUE
"53035","Kitsap","53",6.6555871963501,0,16,FALSE,TRUE
"53011","Clark","53",6.14455366134644,3,46,TRUE,TRUE
"53045","Mason","53",6.42377853393555,3,17,TRUE,TRUE
"53053","Pierce","53",5.96626853942871,6,33,TRUE,TRUE
"53075","Whitman","53",6.78642797470093,4,21,TRUE,TRUE
"53019","Ferry","53",8.9506196975708,0,7,FALSE,TRUE
"54099","Wayne","54",8.16811466217041,2,10,TRUE,TRUE
"54059","Mingo","54",8.06074047088623,0,3,FALSE,TRUE
"54063","Monroe","54",7.82438087463379,0,16,FALSE,TRUE
"54103","Wetzel","54",8.6189079284668,1,18,TRUE,TRUE
"54107","Wood","54",8.84162616729736,1,11,TRUE,TRUE
"54095","Tyler","54",8.68305397033691,0,11,FALSE,TRUE
"17189","Washington","17",8.65216732025146,1,28,TRUE,TRUE
"54023","Grant","54",8.86664867401123,3,22,TRUE,TRUE
"55023","Crawford","55",9.39944171905518,0,30,FALSE,TRUE
"17039","De Witt","17",8.84909534454346,4,38,TRUE,TRUE
"06107","Tulare","06",6.0873064994812,45,193,TRUE,TRUE
"56033","Sheridan","56",5.33927726745605,1,3,TRUE,TRUE
"56041","Uinta","56",4.32012844085693,3,12,TRUE,TRUE
"05129","Searcy","05",7.45996618270874,0,3,FALSE,TRUE
"05103","Ouachita","05",8.39398193359375,1,5,TRUE,TRUE
"05145","White","05",7.96850061416626,2,13,TRUE,TRUE
"05011","Bradley","05",8.48432540893555,0,7,FALSE,TRUE
"05019","Clark","05",8.38192749023438,1,12,TRUE,TRUE
"06067","Sacramento","06",7.77669763565063,57,218,TRUE,TRUE
"06069","San Benito","06",5.39373683929443,4,106,TRUE,TRUE
"06005","Amador","06",6.10718202590942,5,121,TRUE,TRUE
"06101","Sutter","06",7.29415130615234,8,114,TRUE,TRUE
"06113","Yolo","06",6.72296953201294,13,170,TRUE,TRUE
"06011","Colusa","06",6.41036605834961,3,69,TRUE,TRUE
"06063","Plumas","06",5.02302026748657,11,72,TRUE,TRUE
"08005","Arapahoe","08",6.1292986869812,11,83,TRUE,TRUE
"08013","Boulder","08",5.01433324813843,12,101,TRUE,TRUE
"08037","Eagle","08",3.52241373062134,2,17,TRUE,TRUE
"08053","Hinsdale","08",3.21248197555542,0,12,FALSE,TRUE
"12023","Columbia","12",7.53990364074707,2,31,TRUE,TRUE
"12055","Highlands","12",7.4081974029541,1,59,TRUE,TRUE
"12097","Osceola","12",7.55643081665039,6,64,TRUE,TRUE
"12013","Calhoun","12",7.49045467376709,3,19,TRUE,TRUE
"12077","Liberty","12",7.8903923034668,0,24,FALSE,TRUE
"12125","Union","12",7.40816879272461,1,31,TRUE,TRUE
"13153","Houston","13",8.26074504852295,4,28,TRUE,TRUE
"13121","Fulton","13",9.76911640167236,13,41,TRUE,TRUE
"13019","Berrien","13",8.37173748016357,0,19,FALSE,TRUE
"13181","Lincoln","13",7.99829149246216,0,28,FALSE,TRUE
"13261","Sumter","13",8.16248512268066,2,28,TRUE,TRUE
"13009","Baldwin","13",8.15854263305664,1,23,TRUE,TRUE
"45015","Berkeley","45",7.36172580718994,7,26,TRUE,TRUE
"45075","Orangeburg","45",7.31381034851074,11,62,TRUE,TRUE
"45079","Richland","45",7.92684745788574,6,62,TRUE,TRUE
"45027","Clarendon","45",7.22625541687012,4,52,TRUE,TRUE
"45067","Marion","45",7.01204919815063,3,88,TRUE,TRUE
"45031","Darlington","45",7.39388942718506,11,78,TRUE,TRUE
"45087","Union","45",7.69853353500366,5,82,TRUE,TRUE
"45061","Lee","45",7.36000347137451,8,44,TRUE,TRUE
"45017","Calhoun","45",7.44302654266357,5,44,TRUE,TRUE
"46111","Sanborn","46",8.82665348052979,0,8,FALSE,TRUE
"46055","Haakon","46",7.63820362091064,0,0,FALSE,FALSE
"46075","Jones","46",7.37431812286377,0,3,FALSE,TRUE
"46071","Jackson","46",7.4656229019165,0,0,FALSE,FALSE
"46041","Dewey","46",8.04739761352539,0,4,FALSE,TRUE
"47127","Moore","47",8.15425109863281,0,5,FALSE,TRUE
"47107","McMinn","47",8.40408325195312,1,25,TRUE,TRUE
"47149","Rutherford","47",8.60126209259033,1,13,TRUE,TRUE
"47035","Cumberland","47",8.15569686889648,0,11,FALSE,TRUE
"47031","Coffee","47",8.34307289123535,0,8,FALSE,TRUE
"47045","Dyer","47",8.24174404144287,0,13,FALSE,TRUE
"47005","Benton","47",8.07653331756592,1,6,TRUE,TRUE
"47105","Loudon","47",8.68322944641113,3,16,TRUE,TRUE
"47041","DeKalb","47",8.24210262298584,1,6,TRUE,TRUE
"47081","Hickman","47",7.88436698913574,0,5,FALSE,TRUE
"47003","Bedford","47",8.37759971618652,1,5,TRUE,TRUE
"47029","Cocke","47",7.87792205810547,0,18,FALSE,TRUE
"47135","Perry","47",7.78346157073975,0,4,FALSE,TRUE
"47121","Meigs","47",8.55423736572266,0,16,FALSE,TRUE
"48453","Travis","48",9.90963935852051,16,34,TRUE,TRUE
"48339","Montgomery","48",9.16379642486572,6,81,TRUE,TRUE
"48187","Guadalupe","48",8.42186069488525,7,48,TRUE,TRUE
"48423","Smith","48",9.03152275085449,0,8,FALSE,TRUE
"48475","Ward","48",6.18281507492065,6,45,TRUE,TRUE
"48103","Crane","48",6.14031171798706,5,44,TRUE,TRUE
"48437","Swisher","48",5.60401153564453,0,14,FALSE,TRUE
"48223","Hopkins","48",8.59340572357178,0,14,FALSE,TRUE
"48015","Austin","48",8.3577070236206,2,42,TRUE,TRUE
"48059","Callahan","48",7.10897159576416,1,14,TRUE,TRUE
"48073","Cherokee","48",8.74786472320557,1,7,TRUE,TRUE
"48499","Wood","48",8.93352222442627,0,8,FALSE,TRUE
"48333","Mills","48",7.76426362991333,4,8,TRUE,TRUE
"48083","Coleman","48",6.99266338348389,0,16,FALSE,TRUE
"48317","Martin","48",6.51517581939697,1,34,TRUE,TRUE
"48051","Burleson","48",8.73220825195312,0,13,FALSE,TRUE
"48469","Victoria","48",7.86639547348022,10,21,TRUE,TRUE
"48399","Runnels","48",6.79975271224976,0,29,FALSE,TRUE
"48379","Rains","48",8.67494010925293,0,8,FALSE,TRUE
"48065","Carson","48",6.11899900436401,9,24,TRUE,TRUE
"48047","Brooks","48",7.07119941711426,1,23,TRUE,TRUE
"48243","Jeff Davis","48",4.80039310455322,0,8,FALSE,TRUE
"49035","Salt Lake","49",7.11282300949097,13,39,TRUE,TRUE
"26137","Otsego","26",8.06551265716553,3,9,TRUE,TRUE
"26129","Ogemaw","26",8.3545331954956,0,10,FALSE,TRUE
"27145","Stearns","27",8.98546504974365,38,165,TRUE,TRUE
"27127","Redwood","27",8.34532737731934,13,124,TRUE,TRUE
"27113","Pennington","27",9.12956809997559,1,4,TRUE,TRUE
"28029","Copiah","28",8.62412738800049,0,8,FALSE,TRUE
"28083","Leflore","28",8.52439785003662,0,6,FALSE,TRUE
"28137","Tate","28",7.96432304382324,0,7,FALSE,TRUE
"28121","Rankin","28",8.92072296142578,1,9,TRUE,TRUE
"28051","Holmes","28",8.32367420196533,0,6,FALSE,TRUE
"28079","Leake","28",9.12270164489746,1,3,TRUE,TRUE
"28111","Perry","28",8.1243724822998,1,8,TRUE,TRUE
"29029","Camden","29",7.84281873703003,1,5,TRUE,TRUE
"29159","Pettis","29",7.93746900558472,0,8,FALSE,TRUE
"29025","Caldwell","29",7.85737323760986,0,13,FALSE,TRUE
"30093","Silver Bow","30",5.46970462799072,1,4,TRUE,TRUE
"30019","Daniels","30",10.4523611068726,0,0,FALSE,FALSE
"31069","Garden","31",6.24332189559937,0,8,FALSE,TRUE
"31159","Seward","31",7.3569712638855,1,20,TRUE,TRUE
"31103","Keya Paha","31",7.07448768615723,1,4,TRUE,TRUE
"31115","Loup","31",6.69944095611572,0,7,FALSE,TRUE
"32001","Churchill","32",5.48954677581787,11,31,TRUE,TRUE
"32015","Lander","32",4.84684610366821,3,9,TRUE,TRUE
"34035","Somerset","34",8.66960716247559,23,384,TRUE,TRUE
"35043","Sandoval","35",4.50289821624756,8,38,TRUE,TRUE
"35051","Sierra","35",5.30192804336548,3,13,TRUE,TRUE
"36077","Otsego","36",8.39462089538574,3,82,TRUE,TRUE
"36053","Madison","36",8.04220104217529,9,93,TRUE,TRUE
"36017","Chenango","36",8.61073589324951,3,64,TRUE,TRUE
"37023","Burke","37",7.85578203201294,9,98,TRUE,TRUE
"37101","Johnston","37",7.90708160400391,30,218,TRUE,TRUE
"37093","Hoke","37",7.89829349517822,3,150,TRUE,TRUE
"37125","Moore","37",7.929847240448,11,172,TRUE,TRUE
"37127","Nash","37",7.75693607330322,32,200,TRUE,TRUE
"37087","Haywood","37",7.08721351623535,2,25,TRUE,TRUE
"37021","Buncombe","37",7.46692132949829,6,40,TRUE,TRUE
"37163","Sampson","37",8.26798629760742,15,208,TRUE,TRUE
"37177","Tyrrell","37",6.79070138931274,0,37,FALSE,TRUE
"38055","McLean","38",9.35551738739014,2,22,TRUE,TRUE
"38005","Benson","38",9.27578449249268,0,1,FALSE,TRUE
"38091","Steele","38",8.3881664276123,2,10,TRUE,TRUE
"39033","Crawford","39",9.08413314819336,2,26,TRUE,TRUE
"40117","Pawnee","40",7.88546514511108,0,20,FALSE,TRUE
"40125","Pottawatomie","40",7.75930023193359,0,13,FALSE,TRUE
"40087","McClain","40",7.84244680404663,1,27,TRUE,TRUE
"40137","Stephens","40",7.85712337493896,0,20,FALSE,TRUE
"40011","Blaine","40",7.46852254867554,0,22,FALSE,TRUE
"41005","Clackamas","41",5.94434785842896,29,86,TRUE,TRUE
"41061","Union","41",4.97608184814453,1,17,TRUE,TRUE
"13265","Taliaferro","13",7.92464733123779,0,19,FALSE,TRUE
"42091","Montgomery","42",9.356520652771,11,206,TRUE,TRUE
"42043","Dauphin","42",9.65459537506104,3,54,TRUE,TRUE
"42097","Northumberland","42",9.5433988571167,1,36,TRUE,TRUE
"01101","Montgomery","01",8.1920280456543,1,14,TRUE,TRUE
"21003","Allen","21",8.11275577545166,0,6,FALSE,TRUE
"01001","Autauga","01",7.98362350463867,4,15,TRUE,TRUE
"21133","Letcher","21",8.13114261627197,0,3,FALSE,TRUE
"21035","Calloway","21",8.13193893432617,0,12,FALSE,TRUE
"22109","Terrebonne","22",9.14146995544434,1,18,TRUE,TRUE
"22085","Sabine","22",9.00428581237793,0,7,FALSE,TRUE
"23031","York","23",6.33722066879272,5,66,TRUE,TRUE
"24009","Calvert","24",7.82741546630859,1,79,TRUE,TRUE
"24043","Washington","24",9.26223850250244,12,57,TRUE,TRUE
"25023","Plymouth","25",6.39751243591309,62,327,TRUE,TRUE
"25011","Franklin","25",8.28476619720459,31,338,TRUE,TRUE
"26089","Leelanau","26",7.96478223800659,3,6,TRUE,TRUE
"26083","Keweenaw","26",6.9621148109436,0,0,FALSE,FALSE
"26047","Emmet","26",7.79305505752563,1,8,TRUE,TRUE
"26099","Macomb","26",9.81842613220215,3,34,TRUE,TRUE
"27069","Kittson","27",10.3600721359253,0,3,FALSE,TRUE
"28009","Benton","28",8.02266979217529,1,12,TRUE,TRUE
"29087","Holt","29",8.46341514587402,0,23,FALSE,TRUE
"29157","Perry","29",8.25298976898193,0,20,FALSE,TRUE
"30009","Carbon","30",5.17184448242188,2,13,TRUE,TRUE
"31061","Franklin","31",7.15459775924683,3,16,TRUE,TRUE
"34011","Cumberland","34",7.67004156112671,20,133,TRUE,TRUE
"34025","Monmouth","34",7.93423748016357,22,385,TRUE,TRUE
"34021","Mercer","34",8.53015804290771,24,305,TRUE,TRUE
"35039","Rio Arriba","35",4.04947090148926,6,24,TRUE,TRUE
"36061","New York","36",11.6930828094482,17,287,TRUE,TRUE
"36081","Queens","36",10.3362703323364,16,303,TRUE,TRUE
"36009","Cattaraugus","36",8.19070720672607,10,64,TRUE,TRUE
"36115","Washington","36",8.83681392669678,10,146,TRUE,TRUE
"36031","Essex","36",8.19843769073486,4,96,TRUE,TRUE
"37039","Cherokee","37",7.83545398712158,5,24,TRUE,TRUE
"37091","Hertford","37",7.34403991699219,16,114,TRUE,TRUE
"37121","Mitchell","37",7.26512479782104,0,26,FALSE,TRUE
"38105","Williams","38",11.0667638778687,3,9,TRUE,TRUE
"39039","Defiance","39",9.71707153320312,2,39,TRUE,TRUE
"39035","Cuyahoga","39",10.3505506515503,10,32,TRUE,TRUE
"40095","Marshall","40",8.44461536407471,0,20,FALSE,TRUE
"42049","Erie","42",8.19421482086182,2,11,TRUE,TRUE
"44005","Newport","44",6.29314661026001,9,250,TRUE,TRUE
"45029","Colleton","45",7.27503061294556,1,45,TRUE,TRUE
"45073","Oconee","45",8.21891784667969,5,47,TRUE,TRUE
"47111","Macon","47",8.02830696105957,0,7,FALSE,TRUE
"47183","Weakley","47",7.84532308578491,1,5,TRUE,TRUE
"48007","Aransas","48",8.65139865875244,0,29,FALSE,TRUE
"48409","San Patricio","48",8.3183479309082,7,23,TRUE,TRUE
"48141","El Paso","48",5.80339002609253,8,18,TRUE,TRUE
"48321","Matagorda","48",8.0951623916626,4,51,TRUE,TRUE
"48377","Presidio","48",5.60936450958252,1,3,TRUE,TRUE
"49019","Grand","49",4.44679880142212,0,6,FALSE,TRUE
"49005","Cache","49",5.21261501312256,4,18,TRUE,TRUE
"50009","Essex","50",8.3743257522583,3,37,TRUE,TRUE
"51185","Tazewell","51",7.8034405708313,0,10,FALSE,TRUE
"51195","Wise","51",8.19866847991943,1,11,TRUE,TRUE
"51027","Buchanan","51",7.94731712341309,1,5,TRUE,TRUE
"53009","Clallam","53",5.29326963424683,1,7,TRUE,TRUE
"53047","Okanogan","53",11.1595220565796,1,9,TRUE,TRUE
"17043","DuPage","17",10.6554088592529,4,98,TRUE,TRUE
"17049","Effingham","17",8.83606815338135,1,18,TRUE,TRUE
"55029","Door","55",8.46319007873535,1,27,TRUE,TRUE
"06099","Stanislaus","06",7.22316026687622,18,177,TRUE,TRUE
"56045","Weston","56",6.19972944259644,0,9,FALSE,TRUE
"05069","Jefferson","05",8.88842391967773,3,12,TRUE,TRUE
"05057","Hempstead","05",8.68361186981201,2,6,TRUE,TRUE
"05025","Cleveland","05",8.63269329071045,0,8,FALSE,TRUE
"05147","Woodruff","05",8.52791881561279,1,9,TRUE,TRUE
"06105","Trinity","06",6.36507415771484,5,27,TRUE,TRUE
"08059","Jefferson","08",5.48919010162354,5,96,TRUE,TRUE
"08117","Summit","08",3.2321400642395,2,14,TRUE,TRUE
"08109","Saguache","08",3.865394115448,1,16,TRUE,TRUE
"08065","Lake","08",3.12277507781982,2,8,TRUE,TRUE
"08027","Custer","08",3.82170057296753,0,21,FALSE,TRUE
"12069","Lake","12",7.87015438079834,2,46,TRUE,TRUE
"12083","Marion","12",7.56027841567993,1,34,TRUE,TRUE
"49015","Emery","49",4.8132176399231,3,11,TRUE,TRUE
"51179","Stafford","51",8.30306529998779,1,51,TRUE,TRUE
"51031","Campbell","51",8.05918884277344,4,37,TRUE,TRUE
"51139","Page","51",9.18644332885742,2,19,TRUE,TRUE
"51127","New Kent","51",7.6526665687561,1,44,TRUE,TRUE
"51111","Lunenburg","51",7.75708103179932,0,52,FALSE,TRUE
"51161","Roanoke","51",8.32063484191895,1,20,TRUE,TRUE
"51007","Amelia","51",7.74942588806152,2,35,TRUE,TRUE
"51167","Russell","51",7.92737102508545,1,14,TRUE,TRUE
"51047","Culpeper","51",8.58193683624268,0,42,FALSE,TRUE
"51159","Richmond","51",7.86062049865723,2,28,TRUE,TRUE
"51053","Dinwiddie","51",7.65307855606079,1,55,TRUE,TRUE
"51097","King and Queen","51",7.67932271957397,1,43,TRUE,TRUE
"51610","Falls Church","51",9.99206161499023,0,80,FALSE,TRUE
"51113","Madison","51",8.66773700714111,0,30,FALSE,TRUE
"51580","Covington","51",8.584716796875,0,3,FALSE,TRUE
"53037","Kittitas","53",6.5468430519104,8,30,TRUE,TRUE
"53007","Chelan","53",7.61395168304443,3,27,TRUE,TRUE
"54085","Ritchie","54",8.44579887390137,0,11,FALSE,TRUE
"54019","Fayette","54",7.96316385269165,2,9,TRUE,TRUE
"54083","Randolph","54",8.08632469177246,0,15,FALSE,TRUE
"54093","Tucker","54",8.50246620178223,1,18,TRUE,TRUE
"54007","Braxton","54",8.31848812103271,0,4,FALSE,TRUE
"54021","Gilmer","54",8.24462223052979,0,4,FALSE,TRUE
"55057","Juneau","55",9.93209552764893,8,37,TRUE,TRUE
"55107","Rusk","55",9.11899948120117,6,33,TRUE,TRUE
"56013","Fremont","56",4.40994644165039,4,4,TRUE,TRUE
"56003","Big Horn","56",5.2561092376709,0,9,FALSE,TRUE
"56025","Natrona","56",4.81509447097778,3,16,TRUE,TRUE
"01097","Mobile","01",8.24340057373047,5,12,TRUE,TRUE
"01129","Washington","01",7.97478485107422,3,10,TRUE,TRUE
"01107","Pickens","01",8.25515174865723,0,5,FALSE,TRUE
"01073","Jefferson","01",8.76030826568604,3,11,TRUE,TRUE
"04015","Mohave","04",5.11800718307495,13,76,TRUE,TRUE
"05073","Lafayette","05",8.77162170410156,0,5,FALSE,TRUE
"06071","San Bernardino","06",6.13894891738892,143,477,TRUE,TRUE
"06001","Alameda","06",6.7239499092102,27,181,TRUE,TRUE
"06051","Mono","06",4.48093128204346,9,30,TRUE,TRUE
"09180","Southeastern Connecticut","09",6.90963888168335,43,274,TRUE,TRUE
"12127","Volusia","12",7.73445081710815,6,30,TRUE,TRUE
"12031","Duval","12",8.43069744110107,16,34,TRUE,TRUE
"13245","Richmond","13",8.30676174163818,8,30,TRUE,TRUE
"13213","Murray","13",8.751296043396,3,20,TRUE,TRUE
"16087","Washington","16",5.6401777267456,1,27,TRUE,TRUE
"04025","Yavapai","04",5.06578063964844,4,19,TRUE,TRUE
"17003","Alexander","17",8.64077091217041,0,10,FALSE,TRUE
"18147","Spencer","18",8.90493583679199,3,18,TRUE,TRUE
"18083","Knox","18",8.9117021560669,2,20,TRUE,TRUE
"19051","Davis","19",8.03632640838623,2,11,TRUE,TRUE
"18051","Gibson","18",8.83010482788086,1,19,TRUE,TRUE
"51067","Franklin","51",8.01075553894043,0,40,FALSE,TRUE
"51149","Prince George","51",7.75686550140381,2,43,TRUE,TRUE
"51061","Fauquier","51",8.35227680206299,3,45,TRUE,TRUE
"51017","Bath","51",7.96198511123657,1,9,TRUE,TRUE
"51033","Caroline","51",7.97576332092285,1,48,TRUE,TRUE
"54033","Harrison","54",8.73054313659668,1,12,TRUE,TRUE
"54067","Nicholas","54",7.80078983306885,1,9,TRUE,TRUE
"54017","Doddridge","54",8.39203453063965,0,9,FALSE,TRUE
"54013","Calhoun","54",8.21207618713379,0,5,FALSE,TRUE
"56035","Sublette","56",4.14253616333008,0,4,FALSE,TRUE
"48269","King","48",6.08218240737915,0,13,FALSE,TRUE
"12053","Hernando","12",7.94318532943726,1,18,TRUE,TRUE
"12047","Hamilton","12",7.79060173034668,4,27,TRUE,TRUE
"13251","Screven","13",7.44587326049805,0,43,FALSE,TRUE
"13313","Whitfield","13",8.88322067260742,1,17,TRUE,TRUE
"16007","Bear Lake","16",4.54059982299805,0,15,FALSE,TRUE
"16049","Idaho","16",5.14025163650513,1,8,TRUE,TRUE
"05003","Ashley","05",8.60783767700195,2,10,TRUE,TRUE
"06053","Monterey","06",5.42690229415894,27,120,TRUE,TRUE
"06027","Inyo","06",5.12062215805054,17,56,TRUE,TRUE
"06085","Santa Clara","06",6.03702116012573,56,150,TRUE,TRUE
"06023","Humboldt","06",7.07825326919556,6,10,TRUE,TRUE
"08023","Costilla","08",3.91342425346375,0,18,FALSE,TRUE
"08057","Jackson","08",3.4736475944519,1,8,TRUE,TRUE
"08033","Dolores","08",3.59369111061096,0,11,FALSE,TRUE
"37055","Dare","37",6.81451845169067,1,15,TRUE,TRUE
"37015","Bertie","37",7.25204372406006,6,132,TRUE,TRUE
"39095","Lucas","39",9.76206874847412,7,51,TRUE,TRUE
"39125","Paulding","39",9.83202934265137,7,33,TRUE,TRUE
"42125","Washington","42",9.65002918243408,1,39,TRUE,TRUE
"42045","Delaware","42",9.25579071044922,6,157,TRUE,TRUE
"42127","Wayne","42",8.31750011444092,1,51,TRUE,TRUE
"42095","Northampton","42",9.43771266937256,8,105,TRUE,TRUE
"45053","Jasper","45",7.42017984390259,4,32,TRUE,TRUE
"45065","McCormick","45",7.8979115486145,1,33,TRUE,TRUE
"46023","Charles Mix","46",7.73712587356567,1,9,TRUE,TRUE
"47157","Shelby","47",8.82009696960449,4,19,TRUE,TRUE
"48245","Jefferson","48",8.95151996612549,8,21,TRUE,TRUE
"48067","Cass","48",8.78619480133057,1,12,TRUE,TRUE
"49025","Kane","49",4.37302350997925,0,18,FALSE,TRUE
"49003","Box Elder","49",5.54436445236206,4,19,TRUE,TRUE
"51141","Patrick","51",7.88177728652954,1,48,TRUE,TRUE
"18167","Vigo","18",9.36842250823975,3,19,TRUE,TRUE
"13001","Appling","13",7.96535730361938,2,17,TRUE,TRUE
"13113","Fayette","13",8.85513401031494,0,34,FALSE,TRUE
"13021","Bibb","13",8.65613460540771,4,31,TRUE,TRUE
"13219","Oconee","13",8.67177200317383,0,24,FALSE,TRUE
"13311","White","13",8.18955516815186,0,18,FALSE,TRUE
"13027","Brooks","13",8.12536334991455,2,26,TRUE,TRUE
"13183","Long","13",7.49166393280029,0,16,FALSE,TRUE
"13141","Hancock","13",7.92883253097534,1,14,TRUE,TRUE
"16005","Bannock","16",5.15460014343262,2,20,TRUE,TRUE
"16061","Lewis","16",5.89134550094604,0,3,FALSE,TRUE
"17129","Menard","17",8.64039516448975,0,25,FALSE,TRUE
"17175","Stark","17",9.10725688934326,1,26,TRUE,TRUE
"19025","Calhoun","19",7.83829355239868,0,32,FALSE,TRUE
"19125","Marion","19",8.76450252532959,4,25,TRUE,TRUE
"20001","Allen","20",7.84918212890625,2,18,TRUE,TRUE
"20135","Ness","20",6.76224946975708,0,14,FALSE,TRUE
"21151","Madison","21",8.15510272979736,0,10,FALSE,TRUE
"21029","Bullitt","21",8.58381652832031,0,9,FALSE,TRUE
"21217","Taylor","21",8.10958003997803,1,4,TRUE,TRUE
"21025","Breathitt","21",8.00790119171143,0,2,FALSE,TRUE
"21097","Harrison","21",8.29292964935303,0,16,FALSE,TRUE
"21017","Bourbon","21",8.15003967285156,1,13,TRUE,TRUE
"21109","Jackson","21",8.04393196105957,0,5,FALSE,TRUE
"21165","Menifee","21",7.97428607940674,0,6,FALSE,TRUE
"22009","Avoyelles","22",9.01604843139648,0,10,FALSE,TRUE
"22005","Ascension","22",9.74710369110107,3,29,TRUE,TRUE
"22127","Winn","22",8.65552616119385,0,7,FALSE,TRUE
"23007","Franklin","23",7.36540508270264,9,88,TRUE,TRUE
"25015","Hampshire","25",8.3392915725708,32,368,TRUE,TRUE
"26119","Montmorency","26",8.05332660675049,0,18,FALSE,TRUE
"27053","Hennepin","27",10.7402572631836,9,208,TRUE,TRUE
"27165","Watonwan","27",8.28924560546875,2,87,TRUE,TRUE
"28163","Yazoo","28",8.51929569244385,2,9,TRUE,TRUE
"28089","Madison","28",8.67844390869141,0,10,FALSE,TRUE
"29019","Boone","29",7.90616321563721,5,17,TRUE,TRUE
"29063","DeKalb","29",8.12613296508789,2,12,TRUE,TRUE
"29195","Saline","29",7.82315111160278,2,12,TRUE,TRUE
"30055","McCone","30",9.08621788024902,1,4,TRUE,TRUE
"30047","Lake","30",7.54381227493286,1,5,TRUE,TRUE
"30013","Cascade","30",7.05047941207886,7,17,TRUE,TRUE
"30015","Chouteau","30",8.16660404205322,0,12,FALSE,TRUE
"30069","Petroleum","30",7.78852319717407,0,0,FALSE,FALSE
"31183","Wheeler","31",6.90652275085449,0,10,FALSE,TRUE
"35021","Harding","35",4.47852897644043,0,6,FALSE,TRUE
"36067","Onondaga","36",8.52725124359131,20,108,TRUE,TRUE
"37057","Davidson","37",7.98843193054199,6,122,TRUE,TRUE
"37141","Pender","37",6.99031448364258,8,99,TRUE,TRUE
"37167","Stanly","37",7.87726783752441,6,118,TRUE,TRUE
"37123","Montgomery","37",7.97083806991577,15,130,TRUE,TRUE
"37017","Bladen","37",7.36177587509155,15,154,TRUE,TRUE
"37111","McDowell","37",7.58302164077759,0,65,FALSE,TRUE
"38059","Morton","38",8.57231616973877,10,21,TRUE,TRUE
"39021","Champaign","39",9.51407432556152,0,34,FALSE,TRUE
"41023","Grant","41",4.80242538452148,1,10,TRUE,TRUE
"41013","Crook","41",4.9499363899231,3,19,TRUE,TRUE
"42089","Monroe","42",8.59431743621826,2,90,TRUE,TRUE
"42031","Clarion","42",8.55233764648438,1,18,TRUE,TRUE
"42005","Armstrong","42",9.37230014801025,7,30,TRUE,TRUE
"42067","Juniata","42",9.31116485595703,1,35,TRUE,TRUE
"45041","Florence","45",7.17406463623047,9,59,TRUE,TRUE
"45071","Newberry","45",7.83987379074097,1,42,TRUE,TRUE
"45009","Bamberg","45",7.28761386871338,1,44,TRUE,TRUE
"45005","Allendale","45",7.30880784988403,3,46,TRUE,TRUE
"47185","White","47",8.20535087585449,0,7,FALSE,TRUE
"47145","Roane","47",8.61518096923828,1,13,TRUE,TRUE
"47089","Jefferson","47",8.47605991363525,1,9,TRUE,TRUE
"47057","Grainger","47",8.21823501586914,1,9,TRUE,TRUE
"48395","Robertson","48",8.78422737121582,3,17,TRUE,TRUE
"48225","Houston","48",8.66159725189209,0,5,FALSE,TRUE
"48373","Polk","48",8.60619449615479,2,11,TRUE,TRUE
"48491","Williamson","48",9.56974601745605,7,38,TRUE,TRUE
"48411","San Saba","48",7.80086040496826,0,15,FALSE,TRUE
"48503","Young","48",7.24988746643066,4,19,TRUE,TRUE
"48419","Shelby","48",9.95213317871094,0,8,FALSE,TRUE
"48457","Tyler","48",8.52135562896729,1,11,TRUE,TRUE
"48241","Jasper","48",8.59868431091309,3,20,TRUE,TRUE
"48089","Colorado","48",8.29905319213867,1,23,TRUE,TRUE
"48025","Bee","48",7.65466403961182,3,23,TRUE,TRUE
"48313","Madison","48",8.62910270690918,0,9,FALSE,TRUE
"48109","Culberson","48",5.54166412353516,3,9,TRUE,TRUE
"48327","Menard","48",7.39166975021362,1,11,TRUE,TRUE
"49055","Wayne","49",4.54430532455444,0,2,FALSE,TRUE
"51157","Rappahannock","51",8.76141548156738,0,30,FALSE,TRUE
"51177","Spotsylvania","51",8.2263765335083,5,38,TRUE,TRUE
"05095","Monroe","05",8.40212726593018,0,9,FALSE,TRUE
"08043","Fremont","08",4.33857727050781,1,32,TRUE,TRUE
"08015","Chaffee","08",3.57603430747986,3,7,TRUE,TRUE
"08051","Gunnison","08",3.25350618362427,2,28,TRUE,TRUE
"12117","Seminole","12",8.28358936309814,2,30,TRUE,TRUE
"12121","Suwannee","12",7.64064645767212,4,25,TRUE,TRUE
"13229","Pierce","13",7.78207015991211,0,15,FALSE,TRUE
"13033","Burke","13",7.66112327575684,7,44,TRUE,TRUE
"46117","Stanley","46",8.06352138519287,1,7,TRUE,TRUE
"47053","Gibson","47",7.97491312026978,0,9,FALSE,TRUE
"47159","Smith","47",8.1605749130249,1,9,TRUE,TRUE
"47143","Rhea","47",8.4344539642334,2,14,TRUE,TRUE
"47063","Hamblen","47",8.50798034667969,0,12,FALSE,TRUE
"47117","Marshall","47",8.06311798095703,0,6,FALSE,TRUE
"48401","Rusk","48",8.84184741973877,2,9,TRUE,TRUE
"48041","Brazos","48",8.85764598846436,3,9,TRUE,TRUE
"48119","Delta","48",8.5572338104248,0,14,FALSE,TRUE
"48219","Hockley","48",5.43295574188232,0,18,FALSE,TRUE
"48407","San Jacinto","48",8.64266777038574,1,21,TRUE,TRUE
"48467","Van Zandt","48",8.62607765197754,1,12,TRUE,TRUE
"48161","Freestone","48",8.75314903259277,1,13,TRUE,TRUE
"48405","San Augustine","48",9.22795391082764,0,5,FALSE,TRUE
"48345","Motley","48",5.69441986083984,0,13,FALSE,TRUE
"49049","Utah","49",5.5921106338501,10,38,TRUE,TRUE
"27129","Renville","27",8.73417854309082,21,121,TRUE,TRUE
"27021","Cass","27",8.65761280059814,3,13,TRUE,TRUE
"27103","Nicollet","27",8.85637855529785,9,148,TRUE,TRUE
"28049","Hinds","28",8.5897970199585,2,10,TRUE,TRUE
"28007","Attala","28",8.43055820465088,1,8,TRUE,TRUE
"28013","Calhoun","28",8.23681259155273,0,6,FALSE,TRUE
"29085","Hickory","29",7.8010106086731,0,7,FALSE,TRUE
"30087","Rosebud","30",7.40614986419678,4,6,TRUE,TRUE
"30033","Garfield","30",8.37497901916504,0,4,FALSE,TRUE
"31155","Saunders","31",7.71178865432739,1,28,TRUE,TRUE
"32011","Eureka","32",4.77946519851685,1,6,TRUE,TRUE
"36043","Herkimer","36",8.4455623626709,12,127,TRUE,TRUE
"38071","Ramsey","38",9.71745586395264,0,3,FALSE,TRUE
"39079","Jackson","39",8.65777969360352,0,11,FALSE,TRUE
"40145","Wagoner","40",8.43574047088623,1,18,TRUE,TRUE
"40043","Dewey","40",6.8474383354187,5,18,TRUE,TRUE
"41043","Linn","41",6.39917182922363,6,80,TRUE,TRUE
"42071","Lancaster","42",10.1313056945801,15,112,TRUE,TRUE
"42033","Clearfield","42",8.81520938873291,3,29,TRUE,TRUE
"42113","Sullivan","42",8.84295177459717,0,30,FALSE,TRUE
"51036","Charles City","51",7.85467052459717,2,42,TRUE,TRUE
"51029","Buckingham","51",8.15235996246338,3,28,TRUE,TRUE
"53043","Lincoln","53",7.61253118515015,2,15,TRUE,TRUE
"54081","Raleigh","54",8.03123569488525,1,10,TRUE,TRUE
"54039","Kanawha","54",8.30800247192383,2,12,TRUE,TRUE
"54087","Roane","54",8.23091983795166,0,13,FALSE,TRUE
"55001","Adams","55",10.0267992019653,1,28,TRUE,TRUE
"01023","Choctaw","01",7.97045516967773,1,11,TRUE,TRUE
"06091","Sierra","06",4.98140096664429,2,66,TRUE,TRUE
"09170","South Central Connecticut","09",8.0347204208374,15,171,TRUE,TRUE
"16031","Cassia","16",5.21677780151367,5,34,TRUE,TRUE
"01047","Dallas","01",7.86336612701416,1,14,TRUE,TRUE
"21127","Lawrence","21",8.12950134277344,2,9,TRUE,TRUE
"22111","Union","22",8.89935684204102,0,10,FALSE,TRUE
"24001","Allegany","24",9.1269359588623,2,48,TRUE,TRUE
"26029","Charlevoix","26",7.87450695037842,1,10,TRUE,TRUE
"29201","Scott","29",8.61514186859131,1,7,TRUE,TRUE
"35017","Grant","35",4.97047805786133,3,13,TRUE,TRUE
"38085","Sioux","38",8.48485279083252,0,4,FALSE,TRUE
"40147","Washington","40",8.27408027648926,0,11,FALSE,TRUE
"45083","Spartanburg","45",7.98483037948608,15,97,TRUE,TRUE
"48427","Starr","48",8.57529735565186,8,31,TRUE,TRUE
"48361","Orange","48",8.98479270935059,3,25,TRUE,TRUE
"19111","Lee","19",8.5610761642456,1,12,TRUE,TRUE
"01109","Pike","01",7.93527173995972,0,6,FALSE,TRUE
"21139","Livingston","21",8.17464828491211,2,9,TRUE,TRUE
"21027","Breckinridge","21",8.39153003692627,0,14,FALSE,TRUE
"21159","Martin","21",8.13810157775879,0,4,FALSE,TRUE
"21235","Whitley","21",8.18417263031006,0,3,FALSE,TRUE
"21055","Crittenden","21",8.05558204650879,0,11,FALSE,TRUE
"22125","West Feliciana","22",8.73953723907471,2,16,TRUE,TRUE
"24019","Dorchester","24",7.90223693847656,4,59,TRUE,TRUE
"24023","Garrett","24",8.93467426300049,9,40,TRUE,TRUE
"24033","Prince George's","24",9.17018222808838,27,125,TRUE,TRUE
"24011","Caroline","24",8.33896064758301,1,58,TRUE,TRUE
"26115","Monroe","26",9.16851139068604,3,54,TRUE,TRUE
"27043","Faribault","27",8.52566623687744,6,122,TRUE,TRUE
"28055","Issaquena","28",8.8699779510498,0,7,FALSE,TRUE
"29013","Bates","29",7.8179144859314,2,18,TRUE,TRUE
"29095","Jackson","29",8.92507743835449,11,28,TRUE,TRUE
"29197","Schuyler","29",7.75527572631836,1,9,TRUE,TRUE
"30061","Mineral","30",6.25948524475098,0,1,FALSE,TRUE
"34033","Salem","34",7.87268972396851,4,146,TRUE,TRUE
"34041","Warren","34",8.20480346679688,14,151,TRUE,TRUE
"34003","Bergen","34",10.7451448440552,7,345,TRUE,TRUE
"34031","Passaic","34",8.94749736785889,7,334,TRUE,TRUE
"35007","Colfax","35",4.08758020401001,4,11,TRUE,TRUE
"36119","Westchester","36",9.00716972351074,22,335,TRUE,TRUE
"36075","Oswego","36",7.87491083145142,27,134,TRUE,TRUE
"13237","Putnam","13",8.11302661895752,3,27,TRUE,TRUE
"13319","Wilkinson","13",8.04367542266846,2,26,TRUE,TRUE
"13209","Montgomery","13",7.87287425994873,0,15,FALSE,TRUE
"16039","Elmore","16",5.1851601600647,17,64,TRUE,TRUE
"19107","Keokuk","19",8.84545040130615,0,22,FALSE,TRUE
"20149","Pottawatomie","20",7.84485721588135,2,15,TRUE,TRUE
"20163","Rooks","20",6.979088306427,1,10,TRUE,TRUE
"21119","Knott","21",8.06716156005859,0,0,FALSE,FALSE
"21005","Anderson","21",8.03378295898438,0,9,FALSE,TRUE
"21125","Laurel","21",8.23841762542725,1,5,TRUE,TRUE
"21007","Ballard","21",8.50948143005371,0,9,FALSE,TRUE
"22013","Bienville","22",8.65753936767578,0,7,FALSE,TRUE
"22101","St. Mary","22",9.04359436035156,5,15,TRUE,TRUE
"22055","Lafayette","22",9.21324443817139,2,8,TRUE,TRUE
"22063","Livingston","22",8.68235301971436,0,32,FALSE,TRUE
"22077","Pointe Coupee","22",9.01256656646729,3,21,TRUE,TRUE
"22091","St. Helena","22",8.27938938140869,0,19,FALSE,TRUE
"53057","Skagit","53",7.00029039382935,4,21,TRUE,TRUE
"53031","Jefferson","53",6.30706691741943,2,14,TRUE,TRUE
"53049","Pacific","53",4.57866907119751,1,14,TRUE,TRUE
"53033","King","53",6.53936004638672,11,31,TRUE,TRUE
"53061","Snohomish","53",6.77660751342773,5,29,TRUE,TRUE
"54071","Pendleton","54",8.24399566650391,0,18,FALSE,TRUE
"55051","Iron","55",7.61847448348999,0,7,FALSE,TRUE
"06039","Madera","06",6.47752094268799,22,132,TRUE,TRUE
"06077","San Joaquin","06",7.31698226928711,26,247,TRUE,TRUE
"06019","Fresno","06",6.40124940872192,87,232,TRUE,TRUE
"05001","Arkansas","05",8.48166847229004,1,11,TRUE,TRUE
"05067","Jackson","05",8.71138572692871,2,16,TRUE,TRUE
"05029","Conway","05",8.26853942871094,1,7,TRUE,TRUE
"05075","Lawrence","05",8.51209545135498,0,12,FALSE,TRUE
"22113","Vermilion","22",9.18657779693604,0,9,FALSE,TRUE
"24045","Wicomico","24",7.69756507873535,4,34,TRUE,TRUE
"26033","Chippewa","26",7.97925853729248,5,7,TRUE,TRUE
"27075","Lake","27",8.06627178192139,2,7,TRUE,TRUE
"30053","Lincoln","30",8.57236576080322,1,8,TRUE,TRUE
"37047","Columbus","37",6.92005205154419,20,115,TRUE,TRUE
"38077","Richland","38",8.83777618408203,1,16,TRUE,TRUE
"45019","Charleston","45",7.62124061584473,1,18,TRUE,TRUE
"47147","Robertson","47",8.46848011016846,0,12,FALSE,TRUE
"48201","Harris","48",10.1796588897705,66,127,TRUE,TRUE
"48403","Sabine","48",8.90059280395508,0,4,FALSE,TRUE
"51099","King George","51",7.90344285964966,1,51,TRUE,TRUE
"54057","Mineral","54",9.18339347839355,2,30,TRUE,TRUE
"05109","Pike","05",8.45339965820312,1,8,TRUE,TRUE
"12049","Hardee","12",7.65563821792603,5,68,TRUE,TRUE
"17187","Warren","17",8.86966705322266,0,18,FALSE,TRUE
"22097","St. Landry","22",8.76171112060547,0,22,FALSE,TRUE
"30063","Missoula","30",6.26081132888794,0,1,FALSE,TRUE
"30051","Liberty","30",8.73644351959229,1,1,TRUE,TRUE
"38037","Grant","38",8.41771697998047,0,12,FALSE,TRUE
"39101","Marion","39",9.3431282043457,3,24,TRUE,TRUE
"45035","Dorchester","45",7.32496166229248,1,36,TRUE,TRUE
"47173","Union","47",8.26913452148438,0,8,FALSE,TRUE
"48349","Navarro","48",8.98099708557129,4,26,TRUE,TRUE
"48069","Castro","48",5.56634187698364,2,10,TRUE,TRUE
"51041","Chesterfield","51",8.17800331115723,6,41,TRUE,TRUE
"31091","Hooker","31",6.44124889373779,0,0,FALSE,FALSE
"16003","Adams","16",5.08244800567627,1,7,TRUE,TRUE
"01049","DeKalb","01",8.79742050170898,1,13,TRUE,TRUE
"06111","Ventura","06",6.58173608779907,18,209,TRUE,TRUE
"06093","Siskiyou","06",6.89918041229248,5,48,TRUE,TRUE
"09130","Lower Connecticut River Valley","09",7.09557676315308,9,174,TRUE,TRUE
"37075","Graham","37",7.50354623794556,2,26,TRUE,TRUE
"38097","Traill","38",8.93986797332764,2,20,TRUE,TRUE
"40013","Bryan","40",8.14474773406982,2,19,TRUE,TRUE
"41019","Douglas","41",5.42050552368164,13,34,TRUE,TRUE
"44009","Washington","44",6.63311815261841,18,240,TRUE,TRUE
"47165","Sumner","47",8.46706962585449,2,12,TRUE,TRUE
"48273","Kleberg","48",7.7251706123352,0,25,FALSE,TRUE
"51119","Middlesex","51",7.26995706558228,1,29,TRUE,TRUE
"01115","St. Clair","01",8.33301544189453,1,14,TRUE,TRUE
"20033","Comanche","20",7.10942792892456,0,22,FALSE,TRUE
"22107","Tensas","22",8.97583770751953,0,5,FALSE,TRUE
"24031","Montgomery","24",8.95468425750732,11,127,TRUE,TRUE
"26013","Baraga","26",7.50036001205444,3,15,TRUE,TRUE
"27163","Washington","27",10.7899236679077,17,160,TRUE,TRUE
"28109","Pearl River","28",8.00539970397949,0,10,FALSE,TRUE
"32031","Washoe","32",5.39941310882568,12,47,TRUE,TRUE
"34019","Hunterdon","34",8.05166339874268,16,308,TRUE,TRUE
"36071","Orange","36",7.68946027755737,45,246,TRUE,TRUE
"51165","Rockingham","51",8.9129753112793,4,17,TRUE,TRUE
"08093","Park","08",3.6122407913208,1,34,TRUE,TRUE
"12105","Polk","12",8.01434230804443,29,96,TRUE,TRUE
"13217","Newton","13",8.40792179107666,0,39,FALSE,TRUE
"17171","Scott","17",8.48747062683105,1,12,TRUE,TRUE
"21051","Clay","21",8.08713054656982,0,3,FALSE,TRUE
"21131","Leslie","21",8.13200187683105,0,1,FALSE,TRUE
"22053","Jefferson Davis","22",9.01994132995605,0,15,FALSE,TRUE
"27139","Scott","27",9.9208517074585,10,199,TRUE,TRUE
"28131","Stone","28",8.03982734680176,0,8,FALSE,TRUE
"30049","Lewis and Clark","30",6.42569828033447,5,9,TRUE,TRUE
"30073","Pondera","30",7.40034294128418,0,9,FALSE,TRUE
"31171","Thomas","31",6.55904769897461,0,0,FALSE,FALSE
"36091","Saratoga","36",9.38863277435303,29,140,TRUE,TRUE
"37079","Greene","37",7.56300592422485,5,170,TRUE,TRUE
"42099","Perry","42",9.26413536071777,0,50,FALSE,TRUE
"48459","Upshur","48",8.89696598052979,1,9,TRUE,TRUE
"48381","Randall","48",5.96828889846802,2,22,TRUE,TRUE
"48343","Morris","48",8.97239398956299,0,6,FALSE,TRUE
"48301","Loving","48",6.17358636856079,0,19,FALSE,TRUE
"51081","Greensville","51",7.50626087188721,4,86,TRUE,TRUE
"51145","Powhatan","51",7.93032073974609,2,39,TRUE,TRUE
"12091","Okaloosa","12",7.85550403594971,2,15,TRUE,TRUE
"16043","Fremont","16",4.92802619934082,4,15,TRUE,TRUE
"05081","Little River","05",8.84177303314209,1,6,TRUE,TRUE
"06045","Mendocino","06",5.27706098556519,2,26,TRUE,TRUE
"37155","Robeson","37",7.4994010925293,45,146,TRUE,TRUE
"37175","Transylvania","37",7.26312446594238,0,44,FALSE,TRUE
"40135","Sequoyah","40",8.13589191436768,1,11,TRUE,TRUE
"41033","Josephine","41",8.09689331054688,0,11,FALSE,TRUE
"42059","Greene","42",9.10586738586426,1,26,TRUE,TRUE
"45021","Cherokee","45",7.77514410018921,7,105,TRUE,TRUE
"47151","Scott","47",8.01941585540771,0,11,FALSE,TRUE
"48261","Kenedy","48",7.77147531509399,5,42,TRUE,TRUE
"49043","Summit","49",3.95768165588379,2,38,TRUE,TRUE
"51117","Mecklenburg","51",7.89149045944214,4,93,TRUE,TRUE
"20023","Cheyenne","20",6.29140663146973,2,11,TRUE,TRUE
"21059","Daviess","21",8.95187568664551,0,18,FALSE,TRUE
"22119","Webster","22",8.68101501464844,0,7,FALSE,TRUE
"24017","Charles","24",8.13394355773926,5,86,TRUE,TRUE
"25025","Suffolk","25",8.35237503051758,10,250,TRUE,TRUE
"27073","Lac qui Parle","27",8.70587921142578,0,63,FALSE,TRUE
"29099","Jefferson","29",8.72352313995361,1,23,TRUE,TRUE
"30029","Flathead","30",7.89583492279053,4,7,TRUE,TRUE
"32003","Clark","32",5.91604375839233,57,76,TRUE,TRUE
"34001","Atlantic","34",7.11841869354248,16,150,TRUE,TRUE
"36063","Niagara","36",8.66551971435547,15,68,TRUE,TRUE
"13163","Jefferson","13",7.76554536819458,1,30,TRUE,TRUE
"13309","Wheeler","13",7.93007659912109,0,16,FALSE,TRUE
"21067","Fayette","21",8.57218837738037,1,11,TRUE,TRUE
"21203","Rockcastle","21",7.98229360580444,0,9,FALSE,TRUE
"21123","Larue","21",8.29160976409912,0,3,FALSE,TRUE
"22047","Iberville","22",8.86425399780273,5,32,TRUE,TRUE
"51175","Southampton","51",7.39166641235352,3,96,TRUE,TRUE
"51069","Frederick","51",8.96621417999268,2,25,TRUE,TRUE
"53027","Grays Harbor","53",6.09071969985962,4,14,TRUE,TRUE
"17027","Clinton","17",8.80502891540527,4,29,TRUE,TRUE
"55003","Ashland","55",7.63754320144653,2,11,TRUE,TRUE
"05039","Dallas","05",8.39182758331299,0,14,FALSE,TRUE
"06021","Glenn","06",6.19943428039551,2,39,TRUE,TRUE
"45059","Laurens","45",7.77788972854614,2,56,TRUE,TRUE
"46095","Mellette","46",7.31748867034912,0,0,FALSE,FALSE
"46073","Jerauld","46",8.72266006469727,1,9,TRUE,TRUE
"47119","Maury","47",8.058669090271,0,3,FALSE,TRUE
"47129","Morgan","47",8.10177516937256,0,10,FALSE,TRUE
"47097","Lauderdale","47",8.23625087738037,0,17,FALSE,TRUE
"48035","Bosque","48",8.44667530059814,4,26,TRUE,TRUE
"48091","Comal","48",8.83870124816895,2,34,TRUE,TRUE
"48239","Jackson","48",8.08304309844971,1,28,TRUE,TRUE
"48105","Crockett","48",7.81419849395752,3,29,TRUE,TRUE
"48175","Goliad","48",7.5590648651123,1,23,TRUE,TRUE
"29027","Callaway","29",7.93301057815552,2,16,TRUE,TRUE
"30099","Teton","30",7.16421556472778,3,13,TRUE,TRUE
"34013","Essex","34",10.9158229827881,14,322,TRUE,TRUE
"36065","Oneida","36",8.12819385528564,21,116,TRUE,TRUE
"37147","Pitt","37",7.43488788604736,11,159,TRUE,TRUE
"39055","Geauga","39",8.80840682983398,0,28,FALSE,TRUE
"40101","Muskogee","40",8.17815971374512,3,17,TRUE,TRUE
"41003","Benton","41",4.59210205078125,3,44,TRUE,TRUE
"51023","Botetourt","51",8.18895721435547,0,23,FALSE,TRUE
"51125","Nelson","51",8.27131748199463,0,21,FALSE,TRUE
"51101","King William","51",7.79100227355957,3,45,TRUE,TRUE
"53005","Benton","53",6.24641942977905,6,61,TRUE,TRUE
"54025","Greenbrier","54",7.76465511322021,3,14,TRUE,TRUE
"01071","Jackson","01",8.32392311096191,1,15,TRUE,TRUE
"06015","Del Norte","06",11.3984880447388,0,0,FALSE,FALSE
"06025","Imperial","06",7.02602386474609,70,118,TRUE,TRUE
"08083","Montezuma","08",3.93301343917847,5,13,TRUE,TRUE
"12089","Nassau","12",7.53340864181519,4,27,TRUE,TRUE
"21089","Greenup","21",8.40003299713135,2,9,TRUE,TRUE
"40133","Seminole","40",7.83839321136475,1,5,TRUE,TRUE
"54043","Lincoln","54",8.09717655181885,0,8,FALSE,TRUE
"22057","Lafourche","22",8.85025501251221,0,31,FALSE,TRUE
"29069","Dunklin","29",8.6328821182251,3,17,TRUE,TRUE
"36029","Erie","36",8.74666500091553,23,104,TRUE,TRUE
"13269","Taylor","13",8.02086067199707,6,29,TRUE,TRUE
"18183","Whitley","18",9.0958137512207,1,21,TRUE,TRUE
"08115","Sedgwick","08",6.18813323974609,1,15,TRUE,TRUE
"13191","McIntosh","13",7.50385665893555,0,8,FALSE,TRUE
"13241","Rabun","13",7.67030429840088,5,31,TRUE,TRUE
"24003","Anne Arundel","24",9.18531131744385,8,142,TRUE,TRUE
"26003","Alger","26",7.4940938949585,1,14,TRUE,TRUE
"34005","Burlington","34",7.75492572784424,39,295,TRUE,TRUE
"38075","Renville","38",10.7644367218018,0,3,FALSE,TRUE
"47155","Sevier","47",7.92671489715576,1,24,TRUE,TRUE
"48391","Refugio","48",7.94171237945557,1,36,TRUE,TRUE
"51181","Surry","51",7.40002393722534,4,47,TRUE,TRUE
"53015","Cowlitz","53",5.26070642471313,4,24,TRUE,TRUE
"08101","Pueblo","08",5.03452444076538,14,36,TRUE,TRUE
"16013","Blaine","16",4.92029333114624,2,22,TRUE,TRUE
"16025","Camas","16",4.42867994308472,0,39,FALSE,TRUE
"20047","Edwards","20",6.98585796356201,0,22,FALSE,TRUE
"21049","Clark","21",8.13233375549316,2,12,TRUE,TRUE
"22103","St. Tammany","22",8.45204162597656,0,20,FALSE,TRUE
"29207","Stoddard","29",8.60132026672363,1,11,TRUE,TRUE
"30045","Judith Basin","30",6.70171403884888,2,11,TRUE,TRUE
"37161","Rutherford","37",7.66573238372803,12,108,TRUE,TRUE
"37083","Halifax","37",7.50404024124146,16,174,TRUE,TRUE
"42023","Cameron","42",8.71936321258545,0,5,FALSE,TRUE
"45049","Hampton","45",7.23665237426758,7,41,TRUE,TRUE
"47189","Wilson","47",8.41843128204346,0,13,FALSE,TRUE
"48029","Bexar","48",9.07501983642578,22,43,TRUE,TRUE
"48055","Caldwell","48",8.4634313583374,0,35,FALSE,TRUE
"48429","Stephens","48",7.30410814285278,0,19,FALSE,TRUE
"51085","Hanover","51",8.00222396850586,2,55,TRUE,TRUE
"54031","Hardy","54",8.81210136413574,0,29,FALSE,TRUE
"12039","Gadsden","12",7.76178312301636,1,21,TRUE,TRUE
"13291","Union","13",7.89248657226562,1,22,TRUE,TRUE
"06061","Placer","06",5.95190906524658,21,141,TRUE,TRUE
"37043","Clay","37",7.51809883117676,2,32,TRUE,TRUE
"37029","Camden","37",7.05551528930664,4,59,TRUE,TRUE
"39043","Erie","39",9.11583709716797,1,21,TRUE,TRUE
"42101","Philadelphia","42",10.1566543579102,11,204,TRUE,TRUE
"46123","Tripp","46",7.41096925735474,0,3,FALSE,TRUE
"48369","Parmer","48",5.3407416343689,1,17,TRUE,TRUE
"50027","Windsor","50",8.08947658538818,9,80,TRUE,TRUE
"17197","Will","17",9.62584018707275,20,123,TRUE,TRUE
"05061","Howard","05",8.7525749206543,0,5,FALSE,TRUE
"22031","De Soto","22",9.10006713867188,1,7,TRUE,TRUE
"23003","Aroostook","23",6.97546052932739,11,20,TRUE,TRUE
"25013","Hampden","25",8.06908798217773,75,401,TRUE,TRUE
"27173","Yellow Medicine","27",8.59941387176514,4,103,TRUE,TRUE
"29183","St. Charles","29",9.37230110168457,2,18,TRUE,TRUE
"30035","Glacier","30",7.4804277420044,1,5,TRUE,TRUE
"33007","Coos","33",8.05087471008301,10,50,TRUE,TRUE
"13271","Telfair","13",8.07894229888916,1,14,TRUE,TRUE
"16063","Lincoln","16",5.62961530685425,4,56,TRUE,TRUE
"18067","Howard","18",9.66961574554443,1,42,TRUE,TRUE
"18125","Pike","18",8.80991744995117,2,21,TRUE,TRUE
"21065","Estill","21",8.0520076751709,2,7,TRUE,TRUE
"21189","Owsley","21",8.05104827880859,0,3,FALSE,TRUE
"21229","Washington","21",8.04482364654541,0,8,FALSE,TRUE
"22001","Acadia","22",9.07668113708496,3,7,TRUE,TRUE
"51199","York","51",7.63593816757202,0,42,FALSE,TRUE
"53071","Walla Walla","53",6.26388168334961,4,34,TRUE,TRUE
"17047","Edwards","17",8.54247665405273,0,15,FALSE,TRUE
"54027","Hampshire","54",8.91554832458496,0,39,FALSE,TRUE
"55007","Bayfield","55",7.52158260345459,0,16,FALSE,TRUE
"05045","Faulkner","05",8.01235961914062,0,9,FALSE,TRUE
"08031","Denver","08",7.24404191970825,10,90,TRUE,TRUE
"13077","Coweta","13",8.7772741317749,1,37,TRUE,TRUE
"45047","Greenwood","45",7.87803649902344,4,38,TRUE,TRUE
"47037","Davidson","47",9.01168632507324,4,12,TRUE,TRUE
"47167","Tipton","47",8.10760974884033,0,19,FALSE,TRUE
"48371","Pecos","48",6.98441410064697,19,51,TRUE,TRUE
"13221","Oglethorpe","13",8.70907306671143,0,29,FALSE,TRUE
"13315","Wilcox","13",8.31458854675293,0,16,FALSE,TRUE
"18071","Jackson","18",8.98355007171631,1,12,TRUE,TRUE
"19161","Sac","19",7.77307558059692,3,25,TRUE,TRUE
"21239","Woodford","21",8.21711254119873,0,9,FALSE,TRUE
"21231","Wayne","21",8.1050615310669,0,4,FALSE,TRUE
"22079","Rapides","22",8.98154640197754,2,3,TRUE,TRUE
"55043","Grant","55",9.34632587432861,5,41,TRUE,TRUE
"05117","Prairie","05",8.62941837310791,0,11,FALSE,TRUE
"06043","Mariposa","06",6.12475109100342,2,88,TRUE,TRUE
"12095","Orange","12",8.52633571624756,11,43,TRUE,TRUE
"13135","Gwinnett","13",9.74544811248779,1,39,TRUE,TRUE
"46005","Beadle","46",8.94769668579102,1,10,TRUE,TRUE
"46137","Ziebach","46",7.969970703125,0,0,FALSE,FALSE
"48135","Ector","48",6.22476768493652,11,36,TRUE,TRUE
"48185","Grimes","48",8.67653369903564,2,25,TRUE,TRUE
"48023","Baylor","48",6.99496173858643,2,29,TRUE,TRUE
"49011","Davis","49",6.82779550552368,3,29,TRUE,TRUE
"27171","Wright","27",9.55049991607666,26,191,TRUE,TRUE
"28043","Grenada","28",8.18195629119873,0,8,FALSE,TRUE
"29033","Carroll","29",7.75590705871582,1,14,TRUE,TRUE
"37103","Jones","37",7.1435399055481,8,133,TRUE,TRUE
"42051","Fayette","42",9.38039970397949,4,47,TRUE,TRUE
"22011","Beauregard","22",8.44625377655029,1,21,TRUE,TRUE
"26163","Wayne","26",10.4741230010986,12,43,TRUE,TRUE
"33009","Grafton","33",7.86072683334351,13,72,TRUE,TRUE
"37095","Hyde","37",6.86311769485474,2,38,TRUE,TRUE
"47163","Sullivan","47",8.49782752990723,4,18,TRUE,TRUE
"48075","Childress","48",6.01611280441284,1,4,TRUE,TRUE
"51105","Lee","51",8.07570743560791,0,10,FALSE,TRUE
"06055","Napa","06",5.61082124710083,6,122,TRUE,TRUE
"08011","Bent","08",5.66774559020996,2,9,TRUE,TRUE
"51009","Amherst","51",8.20505046844482,6,19,TRUE,TRUE
"51147","Prince Edward","51",7.87370157241821,1,23,TRUE,TRUE
"54045","Logan","54",8.04174423217773,0,5,FALSE,TRUE
"06083","Santa Barbara","06",5.63262987136841,12,72,TRUE,TRUE
"12045","Gulf","12",7.81758069992065,1,10,TRUE,TRUE
"13039","Camden","13",7.45730781555176,2,21,TRUE,TRUE
"53077","Yakima","53",6.05648183822632,6,64,TRUE,TRUE
"09190","Western Connecticut","09",8.41875839233398,11,284,TRUE,TRUE
"45057","Lancaster","45",7.69869565963745,2,77,TRUE,TRUE
"16083","Twin Falls","16",5.41580963134766,25,64,TRUE,TRUE
"19001","Adair","19",8.16798496246338,16,41,TRUE,TRUE
"21147","McCreary","21",8.10317802429199,0,4,FALSE,TRUE
"27023","Chippewa","27",8.88071823120117,14,76,TRUE,TRUE
"30027","Fergus","30",7.38001394271851,0,6,FALSE,TRUE
"37159","Rowan","37",7.90261220932007,15,140,TRUE,TRUE
"42063","Indiana","42",9.47109603881836,4,41,TRUE,TRUE
"49029","Morgan","49",5.30386257171631,1,29,TRUE,TRUE
"47187","Williamson","47",8.38812446594238,0,9,FALSE,TRUE
"48311","McMullen","48",8.00282859802246,0,8,FALSE,TRUE
"30039","Granite","30",5.28380060195923,1,2,TRUE,TRUE
"01081","Lee","01",8.25843906402588,3,22,TRUE,TRUE
"01059","Franklin","01",8.19974994659424,0,9,FALSE,TRUE
"05143","Washington","05",8.77455425262451,7,14,TRUE,TRUE
"05089","Marion","05",7.69078493118286,0,4,FALSE,TRUE
"08009","Baca","08",5.33644104003906,3,11,TRUE,TRUE
"08099","Prowers","08",6.1521635055542,4,11,TRUE,TRUE
"08125","Yuma","08",6.07855463027954,0,16,FALSE,TRUE
"09150","Northeastern Connecticut","09",6.99778509140015,12,447,TRUE,TRUE
"12015","Charlotte","12",7.82390022277832,3,19,TRUE,TRUE
"48153","Floyd","48",5.68860578536987,6,20,TRUE,TRUE
"27061","Itasca","27",8.71398162841797,4,7,TRUE,TRUE
"31179","Wayne","31",7.49459362030029,4,26,TRUE,TRUE
"37115","Madison","37",7.28273677825928,2,23,TRUE,TRUE
"41031","Jefferson","41",5.36363792419434,7,24,TRUE,TRUE
"01095","Marshall","01",8.82337379455566,2,9,TRUE,TRUE
"22065","Madison","22",8.9403486251831,0,5,FALSE,TRUE
"26063","Huron","26",8.15594863891602,18,34,TRUE,TRUE
"37049","Craven","37",7.14275074005127,11,104,TRUE,TRUE
"41065","Wasco","41",5.56922197341919,0,53,FALSE,TRUE
"48351","Newton","48",8.58767700195312,2,29,TRUE,TRUE
"06109","Tuolumne","06",5.41569519042969,17,66,TRUE,TRUE
"12007","Bradford","12",7.43550109863281,0,35,FALSE,TRUE
"51003","Albemarle","51",8.49609184265137,0,28,FALSE,TRUE
"53021","Franklin","53",6.46396923065186,3,32,TRUE,TRUE
"12103","Pinellas","12",8.54890251159668,5,34,TRUE,TRUE
"16027","Canyon","16",6.88574600219727,2,31,TRUE,TRUE
"08071","Las Animas","08",4.5653247833252,2,21,TRUE,TRUE
"39061","Hamilton","39",10.205924987793,6,35,TRUE,TRUE
"45025","Chesterfield","45",7.59338474273682,2,97,TRUE,TRUE
"18009","Blackford","18",9.3517255783081,0,26,FALSE,TRUE
"27125","Red Lake","27",9.08078098297119,1,4,TRUE,TRUE
"42061","Huntingdon","42",9.1693754196167,2,48,TRUE,TRUE
"47049","Fentress","47",8.09007740020752,0,5,FALSE,TRUE
"48005","Angelina","48",8.90507888793945,0,6,FALSE,TRUE
"48347","Nacogdoches","48",9.42365455627441,1,6,TRUE,TRUE
"47141","Putnam","47",8.13533687591553,0,5,FALSE,TRUE
"49007","Carbon","49",4.53058862686157,2,13,TRUE,TRUE
"36113","Warren","36",8.71309185028076,5,110,TRUE,TRUE
"38043","Kidder","38",8.7773027420044,0,4,FALSE,TRUE
"51630","Fredericksburg","51",8.80495643615723,0,27,FALSE,TRUE
"29227","Worth","29",8.21168422698975,0,15,FALSE,TRUE
"13195","Madison","13",9.2487621307373,2,30,TRUE,TRUE
"21069","Fleming","21",8.1165943145752,0,9,FALSE,TRUE
"24027","Howard","24",8.93251037597656,15,125,TRUE,TRUE
"54075","Pocahontas","54",7.86141061782837,0,9,FALSE,TRUE
"28003","Alcorn","28",8.06561756134033,0,13,FALSE,TRUE
"12119","Sumter","12",7.83361673355103,0,33,FALSE,TRUE
"04011","Greenlee","04",5.56316804885864,0,4,FALSE,TRUE
"04017","Navajo","04",4.47097969055176,5,6,TRUE,TRUE
"01053","Escambia","01",7.77881622314453,1,23,TRUE,TRUE
"01111","Randolph","01",8.41680240631104,1,17,TRUE,TRUE
"01075","Lamar","01",8.11164665222168,0,2,FALSE,TRUE
"13281","Towns","13",7.6476321220398,0,23,FALSE,TRUE
"17069","Hardin","17",8.08940887451172,0,10,FALSE,TRUE
"17067","Hancock","17",8.45687866210938,1,13,TRUE,TRUE
"17111","McHenry","17",9.01220226287842,10,80,TRUE,TRUE
"17033","Crawford","17",8.85338497161865,0,25,FALSE,TRUE
"17077","Jackson","17",8.47107410430908,2,16,TRUE,TRUE
"18163","Vanderburgh","18",9.07216930389404,2,15,TRUE,TRUE
"18165","Vermillion","18",9.35304164886475,2,27,TRUE,TRUE
"12081","Manatee","12",8.23369693756104,8,72,TRUE,TRUE
"12063","Jackson","12",7.60172176361084,5,28,TRUE,TRUE
"13143","Haralson","13",8.34181880950928,0,16,FALSE,TRUE
"13055","Chattooga","13",8.31480407714844,0,16,FALSE,TRUE
"13047","Catoosa","13",8.8122730255127,0,16,FALSE,TRUE
"13083","Dade","13",8.35499668121338,0,13,FALSE,TRUE
"13253","Seminole","13",7.96292495727539,1,22,TRUE,TRUE
"20121","Miami","20",7.89326667785645,4,35,TRUE,TRUE
"01125","Tuscaloosa","01",8.27912044525146,2,8,TRUE,TRUE
"20025","Clark","20",7.11614656448364,4,22,TRUE,TRUE
"20019","Chautauqua","20",7.84168481826782,0,12,FALSE,TRUE
"01045","Dale","01",8.08221530914307,1,10,TRUE,TRUE
"21053","Clinton","21",8.06901168823242,0,4,FALSE,TRUE
"21163","Meade","21",8.50206565856934,0,14,FALSE,TRUE
"21161","Mason","21",8.5111665725708,1,10,TRUE,TRUE
"01031","Coffee","01",8.19284057617188,0,8,FALSE,TRUE
"21225","Union","21",8.48739051818848,0,11,FALSE,TRUE
"18077","Jefferson","18",8.79184532165527,1,18,TRUE,TRUE
"18127","Porter","18",8.82156848907471,4,59,TRUE,TRUE
"18115","Ohio","18",8.96709823608398,0,21,FALSE,TRUE
"19057","Des Moines","19",9.0280065536499,1,12,TRUE,TRUE
"19193","Woodbury","19",7.85187244415283,3,25,TRUE,TRUE
"19167","Sioux","19",8.42344856262207,0,33,FALSE,TRUE
"19131","Mitchell","19",8.82176971435547,5,50,TRUE,TRUE
"20125","Montgomery","20",8.08791160583496,2,9,TRUE,TRUE
"20021","Cherokee","20",8.17123031616211,1,16,TRUE,TRUE
"20107","Linn","20",7.77744197845459,1,20,TRUE,TRUE
"20091","Johnson","20",8.94025039672852,2,32,TRUE,TRUE
"20209","Wyandotte","20",9.10161209106445,4,26,TRUE,TRUE
"26005","Allegan","26",9.04500865936279,5,35,TRUE,TRUE
"26009","Antrim","26",7.99601650238037,0,8,FALSE,TRUE
"26091","Lenawee","26",9.28087329864502,3,56,TRUE,TRUE
"26001","Alcona","26",8.09715843200684,2,12,TRUE,TRUE
"27049","Goodhue","27",9.47900485992432,30,208,TRUE,TRUE
"27155","Traverse","27",9.02554321289062,0,12,FALSE,TRUE
"27071","Koochiching","27",8.75219821929932,2,2,TRUE,TRUE
"28039","George","28",7.95474767684937,1,13,TRUE,TRUE
"28041","Greene","28",8.0337963104248,0,9,FALSE,TRUE
"28141","Tishomingo","28",8.12071704864502,0,10,FALSE,TRUE
"05071","Johnson","05",8.09102249145508,2,10,TRUE,TRUE
"22027","Claiborne","22",8.6424732208252,0,3,FALSE,TRUE
"01011","Bullock","01",7.82025909423828,0,11,FALSE,TRUE
"26097","Mackinac","26",7.72972726821899,0,11,FALSE,TRUE
"26105","Mason","26",8.38777828216553,3,13,TRUE,TRUE
"26021","Berrien","26",8.58705139160156,7,39,TRUE,TRUE
"26027","Cass","26",8.66665077209473,1,34,TRUE,TRUE
"29165","Platte","29",8.42214679718018,1,24,TRUE,TRUE
"29127","Marion","29",8.00997161865234,0,11,FALSE,TRUE
"29045","Clark","29",8.0593786239624,1,11,TRUE,TRUE
"29129","Mercer","29",7.96411609649658,0,8,FALSE,TRUE
"31055","Douglas","31",8.67735862731934,4,16,TRUE,TRUE
"31021","Burt","31",7.64494800567627,2,21,TRUE,TRUE
"31161","Sheridan","31",6.41978454589844,0,1,FALSE,TRUE
"31057","Dundy","31",6.28208351135254,0,2,FALSE,TRUE
"31133","Pawnee","31",7.97219228744507,0,19,FALSE,TRUE
"31153","Sarpy","31",8.89871978759766,2,21,TRUE,TRUE
"31051","Dixon","31",7.69144153594971,3,24,TRUE,TRUE
"29209","Stone","29",8.04397487640381,0,12,FALSE,TRUE
"29091","Howell","29",7.50258350372314,2,5,TRUE,TRUE
"30067","Park","30",4.78981828689575,0,7,FALSE,TRUE
"31083","Harlan","31",7.04651594161987,1,13,TRUE,TRUE
"31025","Cass","31",8.00659275054932,1,32,TRUE,TRUE
"31067","Gage","31",7.79508924484253,1,21,TRUE,TRUE
"29119","McDonald","29",8.19722366333008,0,14,FALSE,TRUE
"29011","Barton","29",7.95387983322144,1,13,TRUE,TRUE
"40143","Tulsa","40",9.15566539764404,5,15,TRUE,TRUE
"40047","Garfield","40",7.79039716720581,6,25,TRUE,TRUE
"40031","Comanche","40",7.6286449432373,3,20,TRUE,TRUE
"45081","Saluda","45",7.85482311248779,3,38,TRUE,TRUE
"46115","Spink","46",8.93297958374023,0,10,FALSE,TRUE
"46069","Hyde","46",8.70085334777832,3,7,TRUE,TRUE
"47179","Washington","47",8.32034873962402,4,19,TRUE,TRUE
"47079","Henry","47",7.98767948150635,1,7,TRUE,TRUE
"36055","Monroe","36",8.40663909912109,28,92,TRUE,TRUE
"36011","Cayuga","36",8.0974760055542,6,104,TRUE,TRUE
"40077","Latimer","40",8.04928779602051,0,5,FALSE,TRUE
"48085","Collin","48",9.52767181396484,6,52,TRUE,TRUE
"48099","Coryell","48",8.60036945343018,1,24,TRUE,TRUE
"46087","McCook","46",8.43991470336914,0,3,FALSE,TRUE
"55019","Clark","55",9.36368274688721,1,28,TRUE,TRUE
"55085","Oneida","55",8.60215091705322,3,11,TRUE,TRUE
"56043","Washakie","56",5.19883155822754,0,1,FALSE,TRUE
"47051","Franklin","47",8.28512287139893,1,9,TRUE,TRUE
"37179","Union","37",8.62843704223633,7,87,TRUE,TRUE
"37187","Washington","37",7.01149606704712,3,67,TRUE,TRUE
"48143","Erath","48",7.85021114349365,2,16,TRUE,TRUE
"48139","Ellis","48",9.0893030166626,4,50,TRUE,TRUE
"48331","Milam","48",8.89922046661377,0,33,FALSE,TRUE
"56027","Niobrara","56",5.72687101364136,0,4,FALSE,TRUE
"37171","Surry","37",8.17060375213623,7,47,TRUE,TRUE
"37033","Caswell","37",7.73919582366943,5,88,TRUE,TRUE
"48281","Lampasas","48",8.38185691833496,0,12,FALSE,TRUE
"48227","Howard","48",6.56302547454834,7,46,TRUE,TRUE
"48131","Duval","48",7.48404932022095,1,14,TRUE,TRUE
"48389","Reeves","48",6.4288535118103,11,33,TRUE,TRUE
"48397","Rockwall","48",9.5483226776123,0,26,FALSE,TRUE
"48277","Lamar","48",8.33173274993896,6,15,TRUE,TRUE
"37005","Alleghany","37",7.74584865570068,0,20,FALSE,TRUE
"37073","Gates","37",7.17833662033081,3,81,TRUE,TRUE
"48021","Bastrop","48",8.56140804290771,3,30,TRUE,TRUE
"48253","Jones","48",6.67184591293335,1,37,TRUE,TRUE
"48237","Jack","48",7.53950548171997,4,19,TRUE,TRUE
"48199","Hardin","48",8.38612174987793,1,24,TRUE,TRUE
"48265","Kerr","48",7.64476490020752,0,6,FALSE,TRUE
"48283","La Salle","48",7.37896823883057,1,12,TRUE,TRUE
"48207","Haskell","48",6.67190980911255,5,19,TRUE,TRUE
"48393","Roberts","48",6.55981254577637,0,16,FALSE,TRUE
"48137","Edwards","48",7.67178964614868,0,7,FALSE,TRUE
"47039","Decatur","47",7.86491775512695,0,8,FALSE,TRUE
"47027","Clay","47",8.17063808441162,1,5,TRUE,TRUE
"48293","Limestone","48",8.81005001068115,1,22,TRUE,TRUE
"48081","Coke","48",6.59077262878418,3,34,TRUE,TRUE
"48011","Armstrong","48",5.75938367843628,0,17,FALSE,TRUE
"48319","Mason","48",7.63262414932251,1,6,TRUE,TRUE
"48435","Sutton","48",7.77014684677124,0,6,FALSE,TRUE
"48195","Hansford","48",6.6515474319458,5,23,TRUE,TRUE
"12021","Collier","12",8.01832962036133,2,17,TRUE,TRUE
"12011","Broward","12",8.41262531280518,6,28,TRUE,TRUE
"47175","Van Buren","47",8.14615345001221,0,7,FALSE,TRUE
"47133","Overton","47",8.02863502502441,0,4,FALSE,TRUE
"49001","Beaver","49",5.14188194274902,17,30,TRUE,TRUE
"50015","Lamoille","50",8.37755107879639,6,75,TRUE,TRUE
"12061","Indian River","12",7.29783964157104,6,26,TRUE,TRUE
"12005","Bay","12",7.78196477890015,6,14,TRUE,TRUE
"36001","Albany","36",9.15110111236572,22,149,TRUE,TRUE
"36037","Genesee","36",8.41024589538574,13,115,TRUE,TRUE
"51173","Smyth","51",7.7482419013977,0,10,FALSE,TRUE
"51063","Floyd","51",7.9395260810852,0,25,FALSE,TRUE
"51163","Rockbridge","51",8.13963794708252,0,17,FALSE,TRUE
"51790","Staunton","51",8.48506832122803,0,5,FALSE,TRUE
"13061","Clay","13",7.91100168228149,2,16,TRUE,TRUE
"13099","Early","13",7.91111660003662,5,29,TRUE,TRUE
"36069","Ontario","36",8.12841129302979,14,102,TRUE,TRUE
"37025","Cabarrus","37",8.08384990692139,7,116,TRUE,TRUE
"37059","Davie","37",7.88656616210938,6,89,TRUE,TRUE
"51135","Nottoway","51",7.75105285644531,0,35,FALSE,TRUE
"51540","Charlottesville","51",9.18511772155762,0,13,FALSE,TRUE
"51600","Fairfax","51",9.25323963165283,0,65,FALSE,TRUE
"13111","Fannin","13",8.11148738861084,1,18,TRUE,TRUE
"13045","Carroll","13",8.89038276672363,0,31,FALSE,TRUE
"37105","Lee","37",7.99658870697021,9,107,TRUE,TRUE
"37189","Watauga","37",7.44706869125366,0,26,FALSE,TRUE
"51595","Emporia","51",7.6520676612854,1,46,TRUE,TRUE
"54079","Putnam","54",8.51425266265869,2,12,TRUE,TRUE
"54101","Webster","54",7.84377002716064,0,6,FALSE,TRUE
"13275","Thomas","13",8.23310852050781,1,30,TRUE,TRUE
"13257","Stephens","13",8.68796825408936,0,25,FALSE,TRUE
"37069","Franklin","37",7.77942943572998,12,170,TRUE,TRUE
"37195","Wilson","37",7.78897762298584,14,185,TRUE,TRUE
"54015","Clay","54",8.12245082855225,0,7,FALSE,TRUE
"55039","Fond du Lac","55",9.42194747924805,4,41,TRUE,TRUE
"55015","Calumet","55",9.47286605834961,0,38,FALSE,TRUE
"55017","Chippewa","55",9.45290088653564,9,30,TRUE,TRUE
"16081","Teton","16",4.56715154647827,1,10,TRUE,TRUE
"16075","Payette","16",6.36618328094482,1,27,TRUE,TRUE
"37181","Vance","37",7.89937973022461,13,100,TRUE,TRUE
"13239","Quitman","13",7.85459232330322,0,12,FALSE,TRUE
"38101","Ward","38",10.1727886199951,2,6,TRUE,TRUE
"38027","Eddy","38",8.59793663024902,0,1,FALSE,TRUE
"40069","Johnston","40",8.06317329406738,1,11,TRUE,TRUE
"40063","Hughes","40",7.9386625289917,0,4,FALSE,TRUE
"40057","Harmon","40",6.13537502288818,0,7,FALSE,TRUE
"01093","Marion","01",8.14275646209717,0,3,FALSE,TRUE
"01019","Cherokee","01",8.45264339447021,1,14,TRUE,TRUE
"04019","Pima","04",5.52919435501099,32,56,TRUE,TRUE
"38047","Logan","38",8.67633056640625,0,6,FALSE,TRUE
"38103","Wells","38",8.62345600128174,0,0,FALSE,FALSE
"38025","Dunn","38",9.17984867095947,0,12,FALSE,TRUE
"41053","Polk","41",4.70371389389038,4,62,TRUE,TRUE
"42107","Schuylkill","42",9.23677730560303,8,59,TRUE,TRUE
"04023","Santa Cruz","04",4.40196657180786,2,20,TRUE,TRUE
"05127","Scott","05",8.26628112792969,0,6,FALSE,TRUE
"06059","Orange","06",9.79683589935303,47,292,TRUE,TRUE
"06079","San Luis Obispo","06",5.71676015853882,13,109,TRUE,TRUE
"06095","Solano","06",6.73216962814331,33,201,TRUE,TRUE
"06049","Modoc","06",5.4394359588623,0,34,FALSE,TRUE
"39173","Wood","39",9.13547515869141,8,50,TRUE,TRUE
"39147","Seneca","39",8.85587882995605,2,46,TRUE,TRUE
"39139","Richland","39",9.36672973632812,4,22,TRUE,TRUE
"42065","Jefferson","42",8.69727325439453,0,17,FALSE,TRUE
"42037","Columbia","42",9.17045974731445,0,39,FALSE,TRUE
"08085","Montrose","08",3.92610645294189,9,17,TRUE,TRUE
"12087","Monroe","12",7.53330421447754,2,12,TRUE,TRUE
"08021","Conejos","08",3.98007726669312,2,17,TRUE,TRUE
"39133","Portage","39",9.31964111328125,1,35,TRUE,TRUE
"39153","Summit","39",10.1561946868896,3,35,TRUE,TRUE
"39011","Auglaize","39",9.6343240737915,4,34,TRUE,TRUE
"42021","Cambria","42",9.34665107727051,8,36,TRUE,TRUE
"42109","Snyder","42",9.57399749755859,3,22,TRUE,TRUE
"08061","Kiowa","08",5.82934665679932,0,8,FALSE,TRUE
"08075","Logan","08",6.09842157363892,16,33,TRUE,TRUE
"09120","Greater Bridgeport","09",8.37450790405273,10,133,TRUE,TRUE
"39127","Perry","39",9.24443340301514,1,10,TRUE,TRUE
"39149","Shelby","39",9.63947582244873,3,28,TRUE,TRUE
"39019","Carroll","39",9.45707988739014,1,22,TRUE,TRUE
"42047","Elk","42",8.68296432495117,1,10,TRUE,TRUE
"42121","Venango","42",8.19368362426758,2,11,TRUE,TRUE
"46049","Faulk","46",8.86430358886719,1,4,TRUE,TRUE
"46119","Sully","46",8.03033638000488,0,8,FALSE,TRUE
"35013","Doña Ana","35",5.183189868927,9,31,TRUE,TRUE
"35035","Otero","35",4.96750926971436,5,23,TRUE,TRUE
"48017","Bailey","48",5.38787651062012,1,13,TRUE,TRUE
"48295","Lipscomb","48",6.82875919342041,0,13,FALSE,TRUE
"49053","Washington","49",4.65184259414673,9,26,TRUE,TRUE
"05135","Sharp","05",7.53888320922852,0,9,FALSE,TRUE
"08001","Adams","08",6.13642740249634,29,109,TRUE,TRUE
"08105","Rio Grande","08",3.98497557640076,1,13,TRUE,TRUE
"08121","Washington","08",5.88284158706665,0,26,FALSE,TRUE
"08017","Cheyenne","08",5.82904386520386,1,12,TRUE,TRUE
"13169","Jones","13",8.17535209655762,0,25,FALSE,TRUE
"13037","Calhoun","13",8.07999134063721,0,30,FALSE,TRUE
"13173","Lanier","13",8.28903388977051,1,18,TRUE,TRUE
"36027","Dutchess","36",8.43568420410156,20,197,TRUE,TRUE
"17073","Henry","17",9.17605113983154,4,39,TRUE,TRUE
"50025","Windham","50",7.99315023422241,5,154,TRUE,TRUE
"31109","Lancaster","31",7.95469331741333,8,24,TRUE,TRUE
"08079","Mineral","08",3.3012011051178,0,2,FALSE,TRUE
"12043","Glades","12",7.53471755981445,0,37,FALSE,TRUE
"18031","Decatur","18",9.1872091293335,1,17,TRUE,TRUE
"18113","Noble","18",8.97697162628174,0,29,FALSE,TRUE
"13095","Dougherty","13",8.30965900421143,6,26,TRUE,TRUE
"17123","Marshall","17",9.39737319946289,2,42,TRUE,TRUE
"21129","Lee","21",8.05527877807617,0,3,FALSE,TRUE
"22083","Richland","22",8.91225147247314,0,5,FALSE,TRUE
"17055","Franklin","17",8.54443645477295,1,16,TRUE,TRUE
"31121","Merrick","31",7.1774263381958,0,16,FALSE,TRUE
"31151","Saline","31",7.49483442306519,3,18,TRUE,TRUE
"31141","Platte","31",7.35417652130127,5,22,TRUE,TRUE
"31035","Clay","31",7.26357460021973,0,16,FALSE,TRUE
"31099","Kearney","31",7.06997203826904,0,20,FALSE,TRUE
"18149","Starke","18",8.37608623504639,0,38,FALSE,TRUE
"18157","Tippecanoe","18",9.47861194610596,7,46,TRUE,TRUE
"18023","Clinton","18",9.47924423217773,0,60,FALSE,TRUE
"18047","Franklin","18",8.90290546417236,0,34,FALSE,TRUE
"18117","Orange","18",8.63724517822266,0,20,FALSE,TRUE
"22007","Assumption","22",9.00503921508789,0,31,FALSE,TRUE
"26049","Genesee","26",9.24435329437256,9,48,TRUE,TRUE
"26073","Isabella","26",8.96969699859619,3,27,TRUE,TRUE
"36007","Broome","36",8.92669486999512,4,54,TRUE,TRUE
"36117","Wayne","36",8.04103755950928,10,106,TRUE,TRUE
"31135","Perkins","31",6.32419490814209,0,5,FALSE,TRUE
"32019","Lyon","32",5.76748991012573,5,34,TRUE,TRUE
"32510","Carson City","32",5.9249324798584,1,27,TRUE,TRUE
"18015","Carroll","18",9.18410491943359,1,42,TRUE,TRUE
"19165","Shelby","19",8.03542613983154,1,27,TRUE,TRUE
"19023","Butler","19",8.72317695617676,0,43,FALSE,TRUE
"19179","Wapello","19",8.5397891998291,2,14,TRUE,TRUE
"19087","Henry","19",8.71673965454102,2,13,TRUE,TRUE
"26037","Clinton","26",9.67033767700195,2,41,TRUE,TRUE
"26035","Clare","26",8.54894161224365,1,18,TRUE,TRUE
"26165","Wexford","26",8.30659294128418,2,15,TRUE,TRUE
"26051","Gladwin","26",8.51479530334473,0,20,FALSE,TRUE
"26085","Lake","26",8.44234561920166,0,20,FALSE,TRUE
"36089","St. Lawrence","36",7.95059490203857,48,110,TRUE,TRUE
"36079","Putnam","36",7.89136743545532,1,156,TRUE,TRUE
"33001","Belknap","33",6.97659969329834,2,48,TRUE,TRUE
"35027","Lincoln","35",4.66629695892334,1,13,TRUE,TRUE
"19183","Washington","19",9.00386333465576,0,31,FALSE,TRUE
"19031","Cedar","19",9.16214561462402,3,37,TRUE,TRUE
"19101","Jefferson","19",8.6777982711792,0,12,FALSE,TRUE
"19079","Hamilton","19",8.46693515777588,3,43,TRUE,TRUE
"19047","Crawford","19",7.94767332077026,3,19,TRUE,TRUE
"27141","Sherburne","27",9.58965301513672,27,162,TRUE,TRUE
"27067","Kandiyohi","27",9.14670562744141,11,135,TRUE,TRUE
"27039","Dodge","27",9.16646862030029,18,161,TRUE,TRUE
"37149","Polk","37",7.58904314041138,1,73,TRUE,TRUE
"17095","Knox","17",9.02083206176758,2,26,TRUE,TRUE
"17081","Jefferson","17",8.57401084899902,1,24,TRUE,TRUE
"17181","Union","17",8.16928672790527,0,12,FALSE,TRUE
"19065","Fayette","19",9.05556869506836,1,34,TRUE,TRUE
"20015","Butler","20",7.92928791046143,6,20,TRUE,TRUE
"20063","Gove","20",6.66666841506958,1,9,TRUE,TRUE
"20055","Finney","20",6.83802556991577,4,17,TRUE,TRUE
"20151","Pratt","20",7.32146739959717,6,18,TRUE,TRUE
"27131","Rice","27",9.40501117706299,25,241,TRUE,TRUE
"27001","Aitkin","27",8.40911293029785,0,19,FALSE,TRUE
"27019","Carver","27",9.57722759246826,19,172,TRUE,TRUE
"37071","Gaston","37",8.11541366577148,15,138,TRUE,TRUE
"37011","Avery","37",7.28232097625732,0,21,FALSE,TRUE
"17009","Brown","17",8.35289669036865,1,12,TRUE,TRUE
"17169","Schuyler","17",8.43053150177002,0,18,FALSE,TRUE
"20115","Marion","20",7.72711133956909,2,13,TRUE,TRUE
"20093","Kearny","20",6.61740398406982,0,10,FALSE,TRUE
"20029","Cloud","20",7.64462232589722,1,10,TRUE,TRUE
"20049","Elk","20",7.86185455322266,1,13,TRUE,TRUE
"20027","Clay","20",7.78157472610474,1,9,TRUE,TRUE
"27009","Benton","27",9.03807926177979,15,108,TRUE,TRUE
"27017","Carlton","27",8.23403644561768,6,13,TRUE,TRUE
"27101","Murray","27",8.33746719360352,9,127,TRUE,TRUE
"28117","Prentiss","28",8.11930847167969,0,10,FALSE,TRUE
"37143","Perquimans","37",7.34325265884399,9,66,TRUE,TRUE
"38087","Slope","38",8.87764263153076,0,5,FALSE,TRUE
"50001","Addison","50",8.88898181915283,13,84,TRUE,TRUE
"51710","Norfolk","51",8.72591209411621,1,26,TRUE,TRUE
"20111","Lyon","20",7.78402996063232,4,14,TRUE,TRUE
"20061","Geary","20",7.94145965576172,1,8,TRUE,TRUE
"20207","Woodson","20",7.8576283454895,0,18,FALSE,TRUE
"20053","Ellsworth","20",7.53493928909302,1,15,TRUE,TRUE
"20165","Rush","20",6.95427370071411,2,14,TRUE,TRUE
"28129","Smith","28",9.43066501617432,2,11,TRUE,TRUE
"28155","Webster","28",8.29832172393799,0,5,FALSE,TRUE
"28105","Oktibbeha","28",8.37772560119629,0,7,FALSE,TRUE
"28161","Yalobusha","28",8.11263847351074,0,4,FALSE,TRUE
"28061","Jasper","28",8.45341491699219,0,10,FALSE,TRUE
"39001","Adams","39",8.54981327056885,0,13,FALSE,TRUE
"39111","Monroe","39",9.1412239074707,2,12,TRUE,TRUE
"51740","Portsmouth","51",8.70565032958984,1,29,TRUE,TRUE
"53073","Whatcom","53",7.52719211578369,12,17,TRUE,TRUE
"53039","Klickitat","53",5.56921100616455,14,68,TRUE,TRUE
"53069","Wahkiakum","53",4.70609140396118,0,9,FALSE,TRUE
"20141","Osborne","20",7.23422908782959,1,14,TRUE,TRUE
"20075","Hamilton","20",6.35379791259766,0,9,FALSE,TRUE
"21207","Russell","21",8.10661697387695,1,4,TRUE,TRUE
"21077","Gallatin","21",8.81514930725098,0,22,FALSE,TRUE
"28035","Forrest","28",8.27502918243408,1,8,TRUE,TRUE
"28063","Jefferson","28",8.58505344390869,0,1,FALSE,TRUE
"29109","Lawrence","29",8.02979755401611,1,14,TRUE,TRUE
"39029","Columbiana","39",9.4003438949585,1,31,TRUE,TRUE
"39025","Clermont","39",9.27001762390137,0,33,FALSE,TRUE
"17103","Lee","17",9.3052225112915,11,76,TRUE,TRUE
"53023","Garfield","53",5.89751720428467,1,10,TRUE,TRUE
"21073","Franklin","21",8.2781229019165,0,13,FALSE,TRUE
"21045","Casey","21",7.93048191070557,0,7,FALSE,TRUE
"29077","Greene","29",8.08960247039795,5,11,TRUE,TRUE
"29003","Andrew","29",8.28793048858643,0,13,FALSE,TRUE
"39107","Mercer","39",10.1296892166138,1,39,TRUE,TRUE
"39171","Williams","39",9.60953235626221,6,36,TRUE,TRUE
"39085","Lake","39",8.99730205535889,2,18,TRUE,TRUE
"54053","Mason","54",8.72400379180908,1,12,TRUE,TRUE
"17051","Fayette","17",8.73390007019043,3,24,TRUE,TRUE
"17105","Livingston","17",9.03629398345947,4,65,TRUE,TRUE
"21227","Warren","21",8.38680171966553,0,3,FALSE,TRUE
"21215","Spencer","21",8.23829364776611,0,13,FALSE,TRUE
"21043","Carter","21",8.11390590667725,0,9,FALSE,TRUE
"21001","Adair","21",7.97846984863281,0,5,FALSE,TRUE
"29187","St. Francois","29",8.082350730896,4,10,TRUE,TRUE
"29061","Daviess","29",8.00583648681641,1,11,TRUE,TRUE
"29175","Randolph","29",7.691237449646,2,22,TRUE,TRUE
"29137","Monroe","29",7.6937747001648,0,24,FALSE,TRUE
"39051","Fulton","39",9.2469425201416,2,49,TRUE,TRUE
"40007","Beaver","40",6.81860685348511,3,20,TRUE,TRUE
"41027","Hood River","41",5.50220394134521,3,30,TRUE,TRUE
"17143","Peoria","17",9.25929069519043,5,33,TRUE,TRUE
"17137","Morgan","17",8.60912895202637,5,20,TRUE,TRUE
"17173","Shelby","17",8.75065803527832,2,19,TRUE,TRUE
"13015","Bartow","13",8.90111064910889,2,31,TRUE,TRUE
"13297","Walton","13",8.39386653900146,7,42,TRUE,TRUE
"29103","Knox","29",7.67702627182007,0,16,FALSE,TRUE
"29221","Washington","29",7.91643524169922,0,8,FALSE,TRUE
"29035","Carter","29",7.69824838638306,0,4,FALSE,TRUE
"29017","Bollinger","29",7.94582223892212,0,11,FALSE,TRUE
"42085","Mercer","42",8.57357978820801,1,20,TRUE,TRUE
"42117","Tioga","42",8.85429668426514,2,35,TRUE,TRUE
"42115","Susquehanna","42",8.71238231658936,1,44,TRUE,TRUE
"54029","Hancock","54",10.0490970611572,0,19,FALSE,TRUE
"54069","Ohio","54",9.55885887145996,0,10,FALSE,TRUE
"54009","Brooke","54",10.0513954162598,0,17,FALSE,TRUE
"13177","Lee","13",8.15030384063721,3,27,TRUE,TRUE
"13065","Clinch","13",7.85592651367188,0,22,FALSE,TRUE
"30103","Treasure","30",7.49036407470703,0,4,FALSE,TRUE
"30107","Wheatland","30",6.34282732009888,4,9,TRUE,TRUE
"30021","Dawson","30",9.20611381530762,1,2,TRUE,TRUE
"42057","Fulton","42",9.05947494506836,1,43,TRUE,TRUE
"46053","Gregory","46",7.46758317947388,0,7,FALSE,TRUE
"17203","Woodford","17",9.275465965271,1,43,TRUE,TRUE
"17079","Jasper","17",8.83755207061768,1,20,TRUE,TRUE
"55105","Rock","55",9.50909233093262,7,72,TRUE,TRUE
"05063","Independence","05",7.83205223083496,3,11,TRUE,TRUE
"13119","Franklin","13",9.72768974304199,2,30,TRUE,TRUE
"13187","Lumpkin","13",8.15400123596191,0,20,FALSE,TRUE
"30017","Custer","30",7.91608047485352,2,8,TRUE,TRUE
"31137","Phelps","31",6.99803352355957,0,14,FALSE,TRUE
"31081","Hamilton","31",7.12561225891113,0,13,FALSE,TRUE
"31097","Johnson","31",7.84866428375244,1,25,TRUE,TRUE
"46039","Deuel","46",8.56691551208496,3,40,TRUE,TRUE
"46021","Campbell","46",8.42284679412842,1,2,TRUE,TRUE
"47069","Hardeman","47",7.90781402587891,2,19,TRUE,TRUE
"06029","Kern","06",6.62892293930054,218,439,TRUE,TRUE
"55123","Vernon","55",9.4566125869751,4,34,TRUE,TRUE
"13321","Worth","13",8.34229755401611,2,27,TRUE,TRUE
"31131","Otoe","31",7.90768003463745,4,31,TRUE,TRUE
"32009","Esmeralda","32",4.87010717391968,0,8,FALSE,TRUE
"33011","Hillsborough","33",7.29920387268066,9,215,TRUE,TRUE
"48489","Willacy","48",8.53277015686035,6,46,TRUE,TRUE
"48271","Kinney","48",7.73533582687378,1,10,TRUE,TRUE
"48443","Terrell","48",7.58200740814209,0,14,FALSE,TRUE
"05149","Yell","05",8.3228349685669,0,12,FALSE,TRUE
"05111","Poinsett","05",8.85102558135986,0,17,FALSE,TRUE
"13293","Upson","13",8.17053127288818,3,26,TRUE,TRUE
"13207","Monroe","13",8.4295244216919,2,31,TRUE,TRUE
"33003","Carroll","33",7.00087451934814,2,61,TRUE,TRUE
"34029","Ocean","34",7.37281131744385,17,242,TRUE,TRUE
"18095","Madison","18",9.522292137146,11,60,TRUE,TRUE
"18069","Huntington","18",9.49031162261963,0,21,FALSE,TRUE
"18085","Kosciusko","18",8.7783260345459,0,31,FALSE,TRUE
"18107","Montgomery","18",9.39063549041748,6,53,TRUE,TRUE
"18049","Fulton","18",8.47274780273438,0,23,FALSE,TRUE
"20173","Sedgwick","20",8.16215419769287,4,22,TRUE,TRUE
"20167","Russell","20",7.32542419433594,2,17,TRUE,TRUE
"20123","Mitchell","20",7.4912109375,2,12,TRUE,TRUE
"20057","Ford","20",6.96493339538574,7,19,TRUE,TRUE
"20133","Neosho","20",8.01260375976562,5,14,TRUE,TRUE
"20205","Wilson","20",7.97834777832031,1,12,TRUE,TRUE
"20203","Wichita","20",6.362952709198,1,6,TRUE,TRUE
"20153","Rawlins","20",6.47616147994995,0,10,FALSE,TRUE
"21221","Trigg","21",8.22742652893066,0,11,FALSE,TRUE
"48177","Gonzales","48",8.80428504943848,2,33,TRUE,TRUE
"48367","Parker","48",8.34038257598877,0,41,FALSE,TRUE
"48325","Medina","48",7.58521747589111,0,25,FALSE,TRUE
"48303","Lubbock","48",5.97276926040649,6,21,TRUE,TRUE
"18059","Hancock","18",9.53342628479004,1,56,TRUE,TRUE
"21201","Robertson","21",8.28837585449219,0,13,FALSE,TRUE
"20197","Wabaunsee","20",7.81327724456787,0,15,FALSE,TRUE
"17147","Piatt","17",8.81609535217285,1,38,TRUE,TRUE
"17035","Cumberland","17",8.79613971710205,0,16,FALSE,TRUE
"21113","Jessamine","21",8.36599826812744,0,11,FALSE,TRUE
"21157","Marshall","21",8.20391368865967,2,8,TRUE,TRUE
"48497","Wise","48",8.2662763595581,2,42,TRUE,TRUE
"48031","Blanco","48",8.2228536605835,0,25,FALSE,TRUE
"48231","Hunt","48",8.53906440734863,4,30,TRUE,TRUE
"48493","Wilson","48",7.79758405685425,7,43,TRUE,TRUE
"21021","Boyle","21",8.14825916290283,0,6,FALSE,TRUE
"21223","Trimble","21",8.58395862579346,1,12,TRUE,TRUE
"17037","DeKalb","17",8.94469356536865,10,93,TRUE,TRUE
"17135","Montgomery","17",8.73441505432129,0,26,FALSE,TRUE
"17065","Hamilton","17",8.48593521118164,1,17,TRUE,TRUE
"08041","El Paso","08",4.88716793060303,17,40,TRUE,TRUE
"08089","Otero","08",5.24540948867798,1,19,TRUE,TRUE
"08073","Lincoln","08",5.22842073440552,5,20,TRUE,TRUE
"12051","Hendry","12",7.65611410140991,7,25,TRUE,TRUE
"48375","Potter","48",6.16131830215454,2,30,TRUE,TRUE
"48279","Lamb","48",5.54142236709595,2,17,TRUE,TRUE
"48149","Fayette","48",8.43179225921631,2,10,TRUE,TRUE
"48019","Bandera","48",7.72201347351074,0,10,FALSE,TRUE
"48335","Mitchell","48",6.09341382980347,3,53,TRUE,TRUE
"48009","Archer","48",7.62044477462769,2,21,TRUE,TRUE
"21103","Henry","21",8.29164600372314,0,18,FALSE,TRUE
"21039","Carlisle","21",8.34841156005859,0,9,FALSE,TRUE
"54035","Jackson","54",8.50680160522461,0,14,FALSE,TRUE
"55101","Racine","55",8.95583820343018,1,30,TRUE,TRUE
"12003","Baker","12",7.57157802581787,2,34,TRUE,TRUE
"13299","Ware","13",7.8349552154541,2,23,TRUE,TRUE
"13129","Gordon","13",9.45561027526855,0,14,FALSE,TRUE
"48193","Hamilton","48",7.99017763137817,1,16,TRUE,TRUE
"48145","Falls","48",9.08392906188965,4,22,TRUE,TRUE
"48095","Concho","48",7.50896596908569,4,11,TRUE,TRUE
"48249","Jim Wells","48",7.39181852340698,1,20,TRUE,TRUE
"48129","Donley","48",5.69235897064209,1,11,TRUE,TRUE
"21149","McLean","21",9.14580059051514,0,12,FALSE,TRUE
"22093","St. James","22",9.22100830078125,4,26,TRUE,TRUE
"55059","Kenosha","55",8.90896511077881,2,32,TRUE,TRUE
"55127","Walworth","55",9.00927448272705,0,60,FALSE,TRUE
"13097","Douglas","13",8.97700214385986,1,34,TRUE,TRUE
"45037","Edgefield","45",7.846266746521,0,39,FALSE,TRUE
"21081","Grant","21",8.45292472839355,1,22,TRUE,TRUE
"21199","Pulaski","21",8.18457984924316,1,6,TRUE,TRUE
"22095","St. John the Baptist","22",8.8750171661377,0,26,FALSE,TRUE
"23019","Penobscot","23",6.3206615447998,20,76,TRUE,TRUE
"26015","Barry","26",9.39943695068359,0,44,FALSE,TRUE
"55093","Pierce","55",9.65541076660156,1,128,TRUE,TRUE
"55063","La Crosse","55",9.85413265228271,2,33,TRUE,TRUE
"45011","Barnwell","45",7.44004440307617,5,56,TRUE,TRUE
"45023","Chester","45",7.67935132980347,3,66,TRUE,TRUE
"21091","Hancock","21",8.66417217254639,1,13,TRUE,TRUE
"21169","Metcalfe","21",7.9601035118103,0,4,FALSE,TRUE
"26057","Gratiot","26",9.14447212219238,6,46,TRUE,TRUE
"26155","Shiawassee","26",9.45465469360352,8,48,TRUE,TRUE
"51700","Newport News","51",8.4497241973877,0,31,FALSE,TRUE
"55061","Kewaunee","55",8.67985343933105,1,31,TRUE,TRUE
"55117","Sheboygan","55",9.03998279571533,5,36,TRUE,TRUE
"17063","Grundy","17",9.29943656921387,6,74,TRUE,TRUE
"46003","Aurora","46",8.33984565734863,2,8,TRUE,TRUE
"46035","Davison","46",8.56063461303711,1,6,TRUE,TRUE
"46029","Codington","46",8.73250675201416,2,17,TRUE,TRUE
"46061","Hanson","46",8.65925693511963,0,2,FALSE,TRUE
"46077","Kingsbury","46",8.92018413543701,1,11,TRUE,TRUE
"46043","Douglas","46",8.04056453704834,0,6,FALSE,TRUE
"13081","Crisp","13",8.29733657836914,0,21,FALSE,TRUE
"13227","Pickens","13",8.8167200088501,0,13,FALSE,TRUE
"13225","Peach","13",8.12470054626465,1,26,TRUE,TRUE
"51735","Poquoson","51",7.2829737663269,0,25,FALSE,TRUE
"51800","Suffolk","51",7.31694269180298,3,75,TRUE,TRUE
"51169","Scott","51",8.08053398132324,0,18,FALSE,TRUE
"55065","Lafayette","55",9.30896282196045,2,45,TRUE,TRUE
"55095","Polk","55",9.47705078125,5,105,TRUE,TRUE
"46065","Hughes","46",8.12983894348145,2,8,TRUE,TRUE
"46097","Miner","46",8.75778579711914,0,3,FALSE,TRUE
"13167","Johnson","13",7.79831695556641,0,16,FALSE,TRUE
"13091","Dodge","13",8.01350116729736,0,21,FALSE,TRUE
"51115","Mathews","51",7.28983354568481,0,20,FALSE,TRUE
"51013","Arlington","51",10.5471267700195,0,91,FALSE,TRUE
"55031","Douglas","55",8.01637268066406,2,17,TRUE,TRUE
"55009","Brown","55",9.16122627258301,5,32,TRUE,TRUE
"47011","Bradley","47",8.92098331451416,0,19,FALSE,TRUE
"13235","Pulaski","13",8.16581058502197,0,21,FALSE,TRUE
"13125","Glascock","13",7.82760953903198,0,23,FALSE,TRUE
"51510","Alexandria","51",10.384259223938,1,77,TRUE,TRUE
"53003","Asotin","53",5.71793699264526,0,8,FALSE,TRUE
"17029","Coles","17",8.87996196746826,1,24,TRUE,TRUE
"56007","Carbon","56",4.16007137298584,13,19,TRUE,TRUE
"56005","Campbell","56",6.03320360183716,9,12,TRUE,TRUE
"56011","Crook","56",6.67469072341919,0,8,FALSE,TRUE
"47043","Dickson","47",8.03291702270508,0,11,FALSE,TRUE
"47017","Carroll","47",7.89921855926514,0,8,FALSE,TRUE
"13011","Banks","13",9.39424991607666,0,26,FALSE,TRUE
"13243","Randolph","13",7.83983945846558,1,22,TRUE,TRUE
"13043","Candler","13",7.63363647460938,1,13,TRUE,TRUE
"17199","Williamson","17",8.45652008056641,6,13,TRUE,TRUE
"17167","Sangamon","17",8.87497901916504,6,32,TRUE,TRUE
"53051","Pend Oreille","53",8.83193206787109,2,19,TRUE,TRUE
"05119","Pulaski","05",8.66690158843994,4,16,TRUE,TRUE
"47113","Madison","47",7.98768329620361,3,15,TRUE,TRUE
"47177","Warren","47",8.1942081451416,2,6,TRUE,TRUE
"13003","Atkinson","13",8.46036720275879,0,14,FALSE,TRUE
"13159","Jasper","13",8.15974044799805,1,28,TRUE,TRUE
"18179","Wells","18",9.42621421813965,1,28,TRUE,TRUE
"18055","Greene","18",8.94246196746826,3,23,TRUE,TRUE
"18131","Pulaski","18",8.4101448059082,0,37,FALSE,TRUE
"18139","Rush","18",9.25108814239502,1,44,TRUE,TRUE
"18011","Boone","18",9.59167385101318,0,54,FALSE,TRUE
"05137","Stone","05",7.44667339324951,1,7,TRUE,TRUE
"05125","Saline","05",8.3531608581543,1,18,TRUE,TRUE
"47101","Lewis","47",7.90246915817261,0,0,FALSE,FALSE
"47153","Sequatchie","47",8.29619884490967,1,12,TRUE,TRUE
"16001","Ada","16",6.59325313568115,9,35,TRUE,TRUE
"16045","Gem","16",5.82288932800293,1,25,TRUE,TRUE
"18133","Putnam","18",9.30105400085449,0,41,FALSE,TRUE
"19169","Story","19",8.78459739685059,15,50,TRUE,TRUE
"19003","Adams","19",8.14548397064209,3,39,TRUE,TRUE
"19013","Black Hawk","19",9.17639923095703,8,41,TRUE,TRUE
"19055","Delaware","19",9.11363410949707,5,36,TRUE,TRUE
"05115","Pope","05",8.08759498596191,2,8,TRUE,TRUE
"05053","Grant","05",8.45065593719482,0,16,FALSE,TRUE
"47095","Lake","47",8.63786506652832,0,7,FALSE,TRUE
"47061","Grundy","47",8.23793697357178,0,11,FALSE,TRUE
"16053","Jerome","16",5.97164630889893,10,56,TRUE,TRUE
"16051","Jefferson","16",5.6990532875061,1,17,TRUE,TRUE
"19077","Guthrie","19",8.15939617156982,3,49,TRUE,TRUE
"19075","Grundy","19",8.74594688415527,4,44,TRUE,TRUE
"19147","Palo Alto","19",8.128737449646,3,39,TRUE,TRUE
"19083","Hardin","19",8.60625457763672,2,51,TRUE,TRUE
"19035","Cherokee","19",7.80511951446533,3,24,TRUE,TRUE
"19151","Pocahontas","19",7.8635196685791,4,29,TRUE,TRUE
"05023","Cleburne","05",7.7660174369812,1,8,TRUE,TRUE
"05059","Hot Spring","05",8.36714839935303,4,13,TRUE,TRUE
"05097","Montgomery","05",8.19954776763916,0,8,FALSE,TRUE
"47169","Trousdale","47",8.21903705596924,0,9,FALSE,TRUE
"48291","Liberty","48",8.50366401672363,0,78,FALSE,TRUE
"16047","Gooding","16",5.79736328125,9,61,TRUE,TRUE
"18063","Hendricks","18",9.60229110717773,3,45,TRUE,TRUE
"18017","Cass","18",8.80467319488525,2,38,TRUE,TRUE
"19009","Audubon","19",8.18133926391602,3,42,TRUE,TRUE
"19011","Benton","19",9.11805057525635,1,52,TRUE,TRUE
"19175","Union","19",8.23866939544678,2,37,TRUE,TRUE
"19067","Floyd","19",8.73443222045898,3,51,TRUE,TRUE
"19039","Clarke","19",8.24149322509766,0,30,FALSE,TRUE
"19093","Ida","19",7.82208347320557,2,17,TRUE,TRUE
"06031","Kings","06",7.51739597320557,40,185,TRUE,TRUE
"06103","Tehama","06",5.78785848617554,6,66,TRUE,TRUE
"08087","Morgan","08",5.84191989898682,8,53,TRUE,TRUE
"08119","Teller","08",4.03526639938354,0,21,FALSE,TRUE
"48121","Denton","48",9.64668941497803,7,60,TRUE,TRUE
"48217","Hill","48",8.84989738464355,6,38,TRUE,TRUE
"18005","Bartholomew","18",9.22426319122314,0,27,FALSE,TRUE
"18057","Hamilton","18",9.92110824584961,2,53,TRUE,TRUE
"18143","Scott","18",8.7354211807251,1,14,TRUE,TRUE
"19029","Cass","19",8.09407329559326,6,44,TRUE,TRUE
"19121","Madison","19",8.35812664031982,2,42,TRUE,TRUE
"19197","Wright","19",8.35407066345215,2,40,TRUE,TRUE
"19037","Chickasaw","19",8.96131706237793,2,32,TRUE,TRUE
"20085","Jackson","20",7.82504415512085,1,15,TRUE,TRUE
"20045","Douglas","20",8.1746883392334,5,27,TRUE,TRUE
"20077","Harper","20",7.51573801040649,3,22,TRUE,TRUE
"20017","Chase","20",7.81419897079468,0,14,FALSE,TRUE
"20041","Dickinson","20",7.75460577011108,1,9,TRUE,TRUE
"39143","Sandusky","39",8.93069458007812,5,40,TRUE,TRUE
"40067","Jefferson","40",8.06435489654541,0,15,FALSE,TRUE
"40009","Beckham","40",6.34924936294556,0,7,FALSE,TRUE
"40001","Adair","40",8.15518379211426,0,22,FALSE,TRUE
"47139","Polk","47",8.26913738250732,3,27,TRUE,TRUE
"48181","Grayson","48",8.59063911437988,7,35,TRUE,TRUE
"18019","Clark","18",8.69258117675781,2,16,TRUE,TRUE
"18153","Sullivan","18",9.07159996032715,3,23,TRUE,TRUE
"20043","Doniphan","20",8.30393409729004,0,17,FALSE,TRUE
"20157","Republic","20",7.573166847229,2,12,TRUE,TRUE
"40025","Cimarron","40",5.15022277832031,0,8,FALSE,TRUE
"20119","Meade","20",6.96359300613403,1,21,TRUE,TRUE
"20099","Labette","20",8.04596328735352,0,14,FALSE,TRUE
"21083","Graves","21",8.17031383514404,0,10,FALSE,TRUE
"21105","Hickman","21",8.39406967163086,0,8,FALSE,TRUE
"23005","Cumberland","23",6.34230041503906,11,65,TRUE,TRUE
"48197","Hardeman","48",6.32011842727661,2,14,TRUE,TRUE
"18171","Warren","18",9.15799427032471,1,43,TRUE,TRUE
"18141","St. Joseph","18",8.82436180114746,9,30,TRUE,TRUE
"18003","Allen","18",9.79729843139648,0,26,FALSE,TRUE
"20005","Atchison","20",8.03743171691895,0,20,FALSE,TRUE
"34017","Hudson","34",11.229344367981,22,311,TRUE,TRUE
"01079","Lawrence","01",8.16568946838379,0,12,FALSE,TRUE
"21041","Carroll","21",8.73635101318359,1,20,TRUE,TRUE
"23013","Knox","23",5.25155115127563,3,38,TRUE,TRUE
"21037","Campbell","21",9.53939437866211,1,32,TRUE,TRUE
"21023","Bracken","21",8.56238460540771,1,20,TRUE,TRUE
"27135","Roseau","27",9.2355375289917,0,1,FALSE,TRUE
"27063","Jackson","27",8.16886520385742,10,68,TRUE,TRUE
"34039","Union","34",10.8651266098022,21,336,TRUE,TRUE
"13109","Evans","13",7.59573173522949,0,18,FALSE,TRUE
"40053","Grant","40",7.82186794281006,2,28,TRUE,TRUE
"40071","Kay","40",8.02310371398926,8,27,TRUE,TRUE
"40115","Ottawa","40",8.40874481201172,0,10,FALSE,TRUE
"01037","Coosa","01",8.10330486297607,0,17,FALSE,TRUE
"21015","Boone","21",9.54630279541016,3,28,TRUE,TRUE
"28045","Hancock","28",8.32401180267334,0,12,FALSE,TRUE
"28147","Walthall","28",8.35814189910889,1,9,TRUE,TRUE
"13255","Spalding","13",8.37692546844482,0,32,FALSE,TRUE
"13247","Rockdale","13",8.72745513916016,0,36,FALSE,TRUE
"40085","Love","40",8.18378353118896,1,21,TRUE,TRUE
"41057","Tillamook","41",4.37733459472656,1,41,TRUE,TRUE
"01127","Walker","01",8.27455234527588,1,6,TRUE,TRUE
"22023","Cameron","22",9.26584815979004,0,28,FALSE,TRUE
"28095","Monroe","28",8.22969245910645,0,4,FALSE,TRUE
"29149","Oregon","29",7.55865383148193,0,3,FALSE,TRUE
"35023","Hidalgo","35",5.40720367431641,3,7,TRUE,TRUE
"35031","McKinley","35",4.16039705276489,2,17,TRUE,TRUE
"35015","Eddy","35",5.51639699935913,2,18,TRUE,TRUE
"40045","Ellis","40",6.74079513549805,1,18,TRUE,TRUE
"41037","Lake","41",5.15432214736938,11,23,TRUE,TRUE
"22019","Calcasieu","22",8.88811588287354,12,28,TRUE,TRUE
"27169","Winona","27",9.5394983291626,16,81,TRUE,TRUE
"29133","Mississippi","29",8.5040979385376,0,8,FALSE,TRUE
"29173","Ralls","29",7.9580545425415,1,11,TRUE,TRUE
"36085","Richmond","36",10.5724487304688,12,321,TRUE,TRUE
"36087","Rockland","36",8.7922191619873,9,274,TRUE,TRUE
"41059","Umatilla","41",5.347008228302,13,47,TRUE,TRUE
"41063","Wallowa","41",4.96404790878296,2,17,TRUE,TRUE
"27055","Houston","27",9.39060497283936,0,38,FALSE,TRUE
"27115","Pine","27",8.52818965911865,2,78,TRUE,TRUE
"29510","St. Louis","29",10.459867477417,5,20,TRUE,TRUE
"29005","Atchison","29",8.25491523742676,6,23,TRUE,TRUE
"36003","Allegany","36",8.57183742523193,10,57,TRUE,TRUE
"36101","Steuben","36",8.67904376983643,11,91,TRUE,TRUE
"41029","Jackson","41",6.11917543411255,12,34,TRUE,TRUE
"42039","Crawford","42",8.08703136444092,0,18,FALSE,TRUE
"42083","McKean","42",8.46294212341309,0,26,FALSE,TRUE
"48147","Fannin","48",8.22286796569824,3,28,TRUE,TRUE
"48501","Yoakum","48",5.24935293197632,3,12,TRUE,TRUE
"48359","Oldham","48",5.51107788085938,6,17,TRUE,TRUE
"29147","Nodaway","29",8.23597240447998,3,26,TRUE,TRUE
"29097","Jasper","29",8.20481300354004,4,10,TRUE,TRUE
"30075","Powder River","30",6.95489501953125,0,3,FALSE,TRUE
"36083","Rensselaer","36",8.99892520904541,16,165,TRUE,TRUE
"36033","Franklin","36",8.35501861572266,11,64,TRUE,TRUE
"42007","Beaver","42",9.79510974884033,8,32,TRUE,TRUE
"45045","Greenville","45",8.07295894622803,7,82,TRUE,TRUE
"46083","Lincoln","46",8.24017333984375,1,13,TRUE,TRUE
"49009","Daggett","49",4.03755807876587,1,2,TRUE,TRUE
"49027","Millard","49",5.29389429092407,5,29,TRUE,TRUE
"50003","Bennington","50",8.19038200378418,5,153,TRUE,TRUE
"30101","Toole","30",8.05965042114258,2,4,TRUE,TRUE
"31029","Chase","31",6.28830051422119,0,2,FALSE,TRUE
"31129","Nuckolls","31",7.33709955215454,0,15,FALSE,TRUE
"31145","Red Willow","31",6.73064661026001,1,6,TRUE,TRUE
"13117","Forsyth","13",9.2802267074585,1,32,TRUE,TRUE
"13155","Irwin","13",8.32241821289062,0,11,FALSE,TRUE
"46007","Bennett","46",6.93040609359741,0,0,FALSE,FALSE
"46135","Yankton","46",7.75842761993408,2,9,TRUE,TRUE
"46101","Moody","46",8.55686569213867,0,77,FALSE,TRUE
"46011","Brookings","46",8.72230339050293,4,70,TRUE,TRUE
"50021","Rutland","50",8.37205410003662,14,83,TRUE,TRUE
"50011","Franklin","50",8.65806770324707,8,70,TRUE,TRUE
"31127","Nemaha","31",8.05251979827881,2,18,TRUE,TRUE
"31147","Richardson","31",8.18391227722168,2,20,TRUE,TRUE
"31095","Jefferson","31",7.67458820343018,1,15,TRUE,TRUE
"24047","Worcester","24",7.20475244522095,3,31,TRUE,TRUE
"01063","Greene","01",8.04711532592773,1,9,TRUE,TRUE
"24510","Baltimore","24",10.7719593048096,10,111,TRUE,TRUE
"25001","Barnstable","25",5.6247386932373,18,143,TRUE,TRUE
"26139","Ottawa","26",9.17914485931396,10,30,TRUE,TRUE
"46031","Corson","46",8.04844951629639,0,2,FALSE,TRUE
"51520","Bristol","51",8.47398567199707,1,14,TRUE,TRUE
"51025","Brunswick","51",7.61925649642944,2,77,TRUE,TRUE
"32005","Douglas","32",5.46862316131592,0,25,FALSE,TRUE
"32013","Humboldt","32",5.30439901351929,3,8,TRUE,TRUE
"33019","Sullivan","33",7.70920705795288,3,60,TRUE,TRUE
"26153","Schoolcraft","26",7.47538137435913,1,9,TRUE,TRUE
"26061","Houghton","26",7.12942171096802,0,7,FALSE,TRUE
"46019","Butte","46",7.40079832077026,1,2,TRUE,TRUE
"46013","Brown","46",9.02251243591309,2,11,TRUE,TRUE
"16017","Bonner","16",8.37850379943848,2,17,TRUE,TRUE
"16071","Oneida","16",5.35538625717163,0,21,FALSE,TRUE
"18025","Crawford","18",8.47934627532959,0,19,FALSE,TRUE
"19053","Decatur","19",8.16969108581543,1,11,TRUE,TRUE
"19185","Wayne","19",8.08781337738037,0,7,FALSE,TRUE
"26059","Hillsdale","26",9.60224056243896,3,38,TRUE,TRUE
"26017","Bay","26",8.87390613555908,4,44,TRUE,TRUE
"47181","Wayne","47",7.90023326873779,0,7,FALSE,TRUE
"47047","Fayette","47",7.97700834274292,2,21,TRUE,TRUE
"16009","Benewah","16",6.5183835029602,1,14,TRUE,TRUE
"17163","St. Clair","17",9.29003429412842,3,28,TRUE,TRUE
"19133","Monona","19",7.74526453018188,0,23,FALSE,TRUE
"19155","Pottawattamie","19",8.16152381896973,2,32,TRUE,TRUE
"26151","Sanilac","26",8.34960269927979,4,46,TRUE,TRUE
"26011","Arenac","26",8.46819305419922,0,26,FALSE,TRUE
"47099","Lawrence","47",7.96772384643555,0,10,FALSE,TRUE
"47115","Marion","47",8.32264995574951,2,11,TRUE,TRUE
"17149","Pike","17",8.42404365539551,2,13,TRUE,TRUE
"17101","Lawrence","17",8.80189895629883,0,18,FALSE,TRUE
"19139","Muscatine","19",9.29174709320068,4,31,TRUE,TRUE
"19089","Howard","19",9.0351505279541,3,33,TRUE,TRUE
"19191","Winneshiek","19",9.16301727294922,2,31,TRUE,TRUE
"27047","Freeborn","27",8.71959114074707,6,149,TRUE,TRUE
"27045","Fillmore","27",9.18419456481934,6,93,TRUE,TRUE
"27157","Wabasha","27",9.4279260635376,9,113,TRUE,TRUE
"47125","Montgomery","47",8.3917121887207,3,9,TRUE,TRUE
"47131","Obion","47",8.01082801818848,1,5,TRUE,TRUE
"17075","Iroquois","17",8.69111633300781,3,81,TRUE,TRUE
"17131","Mercer","17",9.02261161804199,0,24,FALSE,TRUE
"17201","Winnebago","17",9.69781875610352,12,67,TRUE,TRUE
"19043","Clayton","19",9.27344417572021,3,26,TRUE,TRUE
"19007","Appanoose","19",8.03077030181885,1,12,TRUE,TRUE
"19059","Dickinson","19",8.2173547744751,5,54,TRUE,TRUE
"38011","Bowman","38",8.17732238769531,1,5,TRUE,TRUE
"38029","Emmons","38",8.70979309082031,1,4,TRUE,TRUE
"38009","Bottineau","38",11.2498741149902,0,2,FALSE,TRUE
"47137","Pickett","47",8.17774105072021,0,3,FALSE,TRUE
"47171","Unicoi","47",7.43376970291138,0,23,FALSE,TRUE
"17151","Pope","17",8.03627109527588,0,15,FALSE,TRUE
"17071","Henderson","17",8.89399909973145,1,15,TRUE,TRUE
"17083","Jersey","17",8.56484794616699,0,20,FALSE,TRUE
"20039","Decatur","20",6.62187719345093,1,11,TRUE,TRUE
"20201","Washington","20",7.72218942642212,2,12,TRUE,TRUE
"20013","Brown","20",8.12216472625732,0,15,FALSE,TRUE
"38013","Burke","38",11.0945043563843,1,3,TRUE,TRUE
"38019","Cavalier","38",10.5295944213867,3,5,TRUE,TRUE
"39053","Gallia","39",8.70558452606201,2,15,TRUE,TRUE
"17089","Kane","17",9.49203205108643,11,94,TRUE,TRUE
"17091","Kankakee","17",8.62171840667725,12,91,TRUE,TRUE
"51079","Greene","51",8.66777229309082,0,23,FALSE,TRUE
"51760","Richmond","51",9.2450704574585,1,30,TRUE,TRUE
"51680","Lynchburg","51",8.67397880554199,0,19,FALSE,TRUE
"51011","Appomattox","51",8.01255416870117,1,28,TRUE,TRUE
"46109","Roberts","46",8.72342777252197,0,8,FALSE,TRUE
"46102","Oglala Lakota","46",7.32269763946533,0,1,FALSE,TRUE
"48079","Cochran","48",5.11502695083618,1,11,TRUE,TRUE
"17021","Christian","17",8.77066993713379,3,29,TRUE,TRUE
"54091","Taylor","54",8.74020957946777,0,18,FALSE,TRUE
"51183","Sussex","51",7.46746253967285,2,79,TRUE,TRUE
"51620","Franklin","51",7.47243118286133,2,43,TRUE,TRUE
"13147","Hart","13",9.35050773620605,2,37,TRUE,TRUE
"51820","Waynesboro","51",8.67065238952637,0,6,FALSE,TRUE
"48077","Clay","48",7.91471481323242,1,16,TRUE,TRUE
"48357","Ochiltree","48",6.84791374206543,1,14,TRUE,TRUE
"50019","Orleans","50",8.63516712188721,6,52,TRUE,TRUE
"55025","Dane","55",10.1082305908203,18,52,TRUE,TRUE
"55027","Dodge","55",9.53243350982666,5,44,TRUE,TRUE
"55047","Green Lake","55",9.7971601486206,1,18,TRUE,TRUE
"13115","Floyd","13",8.5887041091919,2,16,TRUE,TRUE
"16057","Latah","16",6.27124643325806,0,9,FALSE,TRUE
"50007","Chittenden","50",8.75596904754639,22,86,TRUE,TRUE
"51650","Hampton","51",8.5881290435791,1,26,TRUE,TRUE
"55113","Sawyer","55",8.27148723602295,3,25,TRUE,TRUE
"55097","Portage","55",9.93822479248047,4,24,TRUE,TRUE
"55033","Dunn","55",9.45123863220215,5,55,TRUE,TRUE
"55139","Winnebago","55",9.7061014175415,2,31,TRUE,TRUE
"16055","Kootenai","16",7.53869771957397,4,16,TRUE,TRUE
"17195","Whiteside","17",9.35013008117676,8,59,TRUE,TRUE
"17177","Stephenson","17",9.48952007293701,14,61,TRUE,TRUE
"51089","Henry","51",7.96774387359619,5,49,TRUE,TRUE
"17133","Monroe","17",9.00703811645508,1,27,TRUE,TRUE
"55115","Shawano","55",8.96119689941406,0,39,FALSE,TRUE
"55055","Jefferson","55",9.40019226074219,5,47,TRUE,TRUE
"55053","Jackson","55",9.69032669067383,3,38,TRUE,TRUE
"18091","LaPorte","18",8.4404821395874,2,47,TRUE,TRUE
"18135","Randolph","18",9.56547927856445,5,50,TRUE,TRUE
"18111","Newton","18",8.53199291229248,0,68,FALSE,TRUE
"19189","Winnebago","19",8.55372619628906,7,50,TRUE,TRUE
"51077","Grayson","51",7.56572151184082,1,24,TRUE,TRUE
"51683","Manassas","51",9.3204174041748,6,46,TRUE,TRUE
"51530","Buena Vista","51",8.43675518035889,0,10,FALSE,TRUE
"55131","Washington","55",9.43505382537842,1,29,TRUE,TRUE
"55073","Marathon","55",9.55562686920166,7,26,TRUE,TRUE
"55005","Barron","55",9.32382965087891,5,57,TRUE,TRUE
"56031","Platte","56",5.03271007537842,3,7,TRUE,TRUE
"48431","Sterling","48",7.05521535873413,5,31,TRUE,TRUE
"19005","Allamakee","19",9.31268310546875,1,33,TRUE,TRUE
"20129","Morton","20",6.09818601608276,0,7,FALSE,TRUE
"20191","Sumner","20",7.73449087142944,4,29,TRUE,TRUE
"54097","Upshur","54",8.11902332305908,0,3,FALSE,TRUE
"54089","Summers","54",7.94243049621582,0,13,FALSE,TRUE
"01061","Geneva","01",7.94498825073242,0,15,FALSE,TRUE
"01057","Fayette","01",8.09267997741699,0,5,FALSE,TRUE
"05113","Polk","05",8.27832794189453,0,2,FALSE,TRUE
"20037","Crawford","20",7.95988512039185,2,16,TRUE,TRUE
"51075","Goochland","51",8.07969188690186,2,45,TRUE,TRUE
"51049","Cumberland","51",8.00874900817871,0,24,FALSE,TRUE
"51750","Radford","51",8.28429222106934,0,13,FALSE,TRUE
"39135","Preble","39",9.40745830535889,0,42,FALSE,TRUE
"39081","Jefferson","39",9.7079963684082,1,22,TRUE,TRUE
"05033","Crawford","05",8.31922340393066,2,16,TRUE,TRUE
"05077","Lee","05",8.06346702575684,0,8,FALSE,TRUE
"51021","Bland","51",7.81642246246338,0,11,FALSE,TRUE
"51720","Norton","51",8.4084939956665,0,5,FALSE,TRUE
"32029","Storey","32",5.97952556610107,6,28,TRUE,TRUE
"12109","St. Johns","12",7.4841775894165,1,30,TRUE,TRUE
"39013","Belmont","39",9.53366565704346,0,12,FALSE,TRUE
"39007","Ashtabula","39",8.3654613494873,2,19,TRUE,TRUE
"08081","Moffat","08",4.05737638473511,2,7,TRUE,TRUE
"08095","Phillips","08",6.0887975692749,0,16,FALSE,TRUE
"08103","Rio Blanco","08",4.09901285171509,2,16,TRUE,TRUE
"09160","Northwest Hills","09",7.70448112487793,9,266,TRUE,TRUE
"53001","Adams","53",6.86080932617188,3,21,TRUE,TRUE
"55049","Iowa","55",9.5119800567627,3,49,TRUE,TRUE
"13285","Troup","13",8.5286455154419,3,25,TRUE,TRUE
"13053","Chattahoochee","13",8.09500789642334,1,27,TRUE,TRUE
"40139","Texas","40",6.3613224029541,1,16,TRUE,TRUE
"40003","Alfalfa","40",7.71699476242065,0,15,FALSE,TRUE
"40105","Nowata","40",8.22917175292969,0,9,FALSE,TRUE
"41011","Coos","41",4.35374927520752,0,4,FALSE,TRUE
"12085","Martin","12",7.74829435348511,4,35,TRUE,TRUE
"12111","St. Lucie","12",7.24201679229736,9,31,TRUE,TRUE
"13145","Harris","13",8.12074375152588,2,29,TRUE,TRUE
"55119","Taylor","55",9.26089382171631,1,31,TRUE,TRUE
"55078","Menominee","55",8.68107795715332,0,8,FALSE,TRUE
"55137","Waushara","55",9.90212821960449,1,38,TRUE,TRUE
"55129","Washburn","55",8.45495128631592,2,25,TRUE,TRUE
"17127","Massac","17",8.35915088653564,0,10,FALSE,TRUE
"05031","Craighead","05",8.90786457061768,2,14,TRUE,TRUE
"41025","Harney","41",5.12029027938843,4,7,TRUE,TRUE
"42073","Lawrence","42",9.24274921417236,2,29,TRUE,TRUE
"42015","Bradford","42",9.06541347503662,8,49,TRUE,TRUE
"13295","Walker","13",8.51730918884277,0,15,FALSE,TRUE
"13101","Echols","13",7.8372974395752,0,20,FALSE,TRUE
"05005","Baxter","05",7.66656112670898,2,5,TRUE,TRUE
"06035","Lassen","06",5.30267524719238,7,53,TRUE,TRUE
"45033","Dillon","45",7.18779754638672,2,124,TRUE,TRUE
"46027","Clay","46",7.82929563522339,1,14,TRUE,TRUE
"46091","Marshall","46",8.97120666503906,0,5,FALSE,TRUE
"17179","Tazewell","17",9.25283432006836,3,33,TRUE,TRUE
"54061","Monongalia","54",9.12795257568359,5,28,TRUE,TRUE
"08007","Archuleta","08",3.81794357299805,0,8,FALSE,TRUE
"37157","Rockingham","37",7.82464551925659,10,80,TRUE,TRUE
"38033","Golden Valley","38",9.41562557220459,0,3,FALSE,TRUE
"38001","Adams","38",8.41776371002197,1,3,TRUE,TRUE
"38095","Towner","38",10.2895593643188,0,5,FALSE,TRUE
"46121","Todd","46",7.00641202926636,0,2,FALSE,TRUE
"47161","Stewart","47",8.08163070678711,1,12,TRUE,TRUE
"48165","Gaines","48",5.47622537612915,0,27,FALSE,TRUE
"48421","Sherman","48",6.16822195053101,2,19,TRUE,TRUE
"17099","LaSalle","17",9.47407627105713,13,95,TRUE,TRUE
"17113","McLean","17",9.1024751663208,9,57,TRUE,TRUE
"54051","Marshall","54",9.18467044830322,2,13,TRUE,TRUE
"38081","Sargent","38",8.59858989715576,0,3,FALSE,TRUE
"39155","Trumbull","39",8.88656616210938,6,26,TRUE,TRUE
"40065","Jackson","40",6.57993268966675,0,14,FALSE,TRUE
"50013","Grand Isle","50",8.65074634552002,1,59,TRUE,TRUE
"51590","Danville","51",8.31784343719482,3,52,TRUE,TRUE
"17057","Fulton","17",8.71706104278564,0,22,FALSE,TRUE
"17109","McDonough","17",8.57317543029785,4,12,TRUE,TRUE
"55071","Manitowoc","55",8.89550113677979,6,37,TRUE,TRUE
"40129","Roger Mills","40",6.31821632385254,3,13,TRUE,TRUE
"40041","Delaware","40",8.48460578918457,0,15,FALSE,TRUE
"51810","Virginia Beach","51",7.59799766540527,2,38,TRUE,TRUE
"51071","Giles","51",7.83277416229248,1,14,TRUE,TRUE
"17107","Logan","17",8.80776405334473,4,38,TRUE,TRUE
"56037","Sweetwater","56",4.48656749725342,5,14,TRUE,TRUE
"05101","Newton","05",7.5410099029541,0,9,FALSE,TRUE
"05037","Cross","05",8.5252571105957,0,11,FALSE,TRUE
"44003","Kent","44",7.21766471862793,15,304,TRUE,TRUE
"46099","Minnehaha","46",8.58184909820557,1,58,TRUE,TRUE
"53063","Spokane","53",7.99985551834106,7,16,TRUE,TRUE
"08097","Pitkin","08",3.43723964691162,2,17,TRUE,TRUE
"08014","Broomfield","08",6.64572954177856,0,88,FALSE,TRUE
"12027","DeSoto","12",7.50296115875244,7,39,TRUE,TRUE
"51065","Fluvanna","51",8.30758857727051,3,25,TRUE,TRUE
"51840","Winchester","51",9.60762596130371,0,10,FALSE,TRUE
"51775","Salem","51",9.05058860778809,3,11,TRUE,TRUE
"51730","Petersburg","51",8.49978446960449,0,24,FALSE,TRUE
"48169","Garza","48",5.61056041717529,0,37,FALSE,TRUE
"48275","Knox","48",6.57839584350586,4,19,TRUE,TRUE
"48353","Nolan","48",6.48021745681763,13,44,TRUE,TRUE
"48417","Shackelford","48",7.24423027038574,2,20,TRUE,TRUE
"48507","Zavala","48",7.02983045578003,0,10,FALSE,TRUE
"29105","Laclede","29",7.6005163192749,1,8,TRUE,TRUE
"29117","Livingston","29",7.82378530502319,2,9,TRUE,TRUE
"31111","Lincoln","31",6.73692512512207,3,13,TRUE,TRUE
"31117","McPherson","31",6.46668481826782,0,3,FALSE,TRUE
"31071","Garfield","31",6.74687767028809,1,9,TRUE,TRUE
"31085","Hayes","31",6.5525598526001,0,5,FALSE,TRUE
"31077","Greeley","31",7.04730892181396,1,10,TRUE,TRUE
"37067","Forsyth","37",8.34150886535645,5,91,TRUE,TRUE
"37107","Lenoir","37",7.48934125900269,12,178,TRUE,TRUE
"48247","Jim Hogg","48",7.07035970687866,1,24,TRUE,TRUE
"38003","Barnes","38",8.0029182434082,3,10,TRUE,TRUE
"38057","Mercer","38",8.91038608551025,3,21,TRUE,TRUE
"29051","Cole","29",7.96268701553345,3,11,TRUE,TRUE
"31107","Knox","31",7.48945713043213,2,17,TRUE,TRUE
"31007","Banner","31",5.43079996109009,0,9,FALSE,TRUE
"39165","Warren","39",9.60648441314697,0,34,FALSE,TRUE
"39157","Tuscarawas","39",9.75783348083496,2,16,TRUE,TRUE
"37077","Granville","37",7.85820770263672,9,122,TRUE,TRUE
"37097","Iredell","37",8.05253219604492,6,122,TRUE,TRUE
"38073","Ransom","38",8.12769508361816,1,5,TRUE,TRUE
"38093","Stutsman","38",8.53148555755615,3,9,TRUE,TRUE
"31177","Washington","31",7.81691646575928,1,16,TRUE,TRUE
"31031","Cherry","31",6.54780530929565,1,3,TRUE,TRUE
"31043","Dakota","31",7.9402494430542,2,19,TRUE,TRUE
"31157","Scotts Bluff","31",6.02998304367065,2,3,TRUE,TRUE
"32017","Lincoln","32",5.33384704589844,0,21,FALSE,TRUE
"39109","Miami","39",9.6803150177002,3,39,TRUE,TRUE
"39103","Medina","39",9.81319904327393,5,35,TRUE,TRUE
"39169","Wayne","39",9.7946720123291,4,24,TRUE,TRUE
"40059","Harper","40",6.9748272895813,5,19,TRUE,TRUE
"41067","Washington","41",5.40019989013672,3,80,TRUE,TRUE
"48173","Glasscock","48",7.12057161331177,5,21,TRUE,TRUE
"48413","Schleicher","48",7.30407667160034,2,13,TRUE,TRUE
"26143","Roscommon","26",8.49368667602539,0,10,FALSE,TRUE
"26113","Missaukee","26",8.41866588592529,3,14,TRUE,TRUE
"26111","Midland","26",8.80815315246582,1,26,TRUE,TRUE
"34037","Sussex","34",7.88319683074951,8,225,TRUE,TRUE
"37045","Cleveland","37",7.8553147315979,29,126,TRUE,TRUE
"37145","Person","37",7.93849897384644,9,94,TRUE,TRUE
"39089","Licking","39",9.65258884429932,1,14,TRUE,TRUE
"39067","Harrison","39",9.58824443817139,0,14,FALSE,TRUE
"39003","Allen","39",9.45005035400391,0,37,FALSE,TRUE
"39129","Pickaway","39",9.43209648132324,1,16,TRUE,TRUE
"42077","Lehigh","42",9.66855907440186,1,76,TRUE,TRUE
"42013","Blair","42",9.30783462524414,4,26,TRUE,TRUE
"26125","Oakland","26",9.8226432800293,4,52,TRUE,TRUE
"26133","Osceola","26",8.50173568725586,2,17,TRUE,TRUE
"26067","Ionia","26",9.5464334487915,2,40,TRUE,TRUE
"38079","Rolette","38",11.004602432251,1,2,TRUE,TRUE
"38023","Divide","38",11.7365016937256,0,4,FALSE,TRUE
"39015","Brown","39",8.80352973937988,3,25,TRUE,TRUE
"39041","Delaware","39",10.0095500946045,1,21,TRUE,TRUE
"39057","Greene","39",9.505295753479,1,25,TRUE,TRUE
"39027","Clinton","39",9.1431884765625,1,29,TRUE,TRUE
"42069","Lackawanna","42",9.10675144195557,3,35,TRUE,TRUE
"42093","Montour","42",9.9597978591919,1,26,TRUE,TRUE
"20181","Sherman","20",6.16290807723999,1,13,TRUE,TRUE
"26025","Calhoun","26",9.62350749969482,7,36,TRUE,TRUE
"26077","Kalamazoo","26",9.12661552429199,4,41,TRUE,TRUE
"27007","Beltrami","27",8.81390476226807,1,2,TRUE,TRUE
"27151","Swift","27",9.00679206848145,1,92,TRUE,TRUE
"38015","Burleigh","38",8.68630313873291,3,16,TRUE,TRUE
"38051","McIntosh","38",8.72292327880859,1,6,TRUE,TRUE
"39117","Morrow","39",9.46623516082764,0,18,FALSE,TRUE
"40109","Oklahoma","40",8.89396476745605,4,23,TRUE,TRUE
"20103","Leavenworth","20",8.22799587249756,0,28,FALSE,TRUE
"01103","Morgan","01",8.61165523529053,3,11,TRUE,TRUE
"27051","Grant","27",9.44455242156982,1,27,TRUE,TRUE
"27059","Isanti","27",9.69113254547119,5,142,TRUE,TRUE
"27111","Otter Tail","27",8.75467491149902,3,26,TRUE,TRUE
"27093","Meeker","27",9.1053524017334,7,194,TRUE,TRUE
"39049","Franklin","39",10.946870803833,4,17,TRUE,TRUE
"39137","Putnam","39",9.41561603546143,3,52,TRUE,TRUE
"39131","Pike","39",8.70913410186768,0,10,FALSE,TRUE
"40121","Pittsburg","40",8.03543186187744,1,6,TRUE,TRUE
"40021","Cherokee","40",8.01199245452881,1,17,TRUE,TRUE
"20147","Phillips","20",7.0400218963623,1,10,TRUE,TRUE
"20117","Marshall","20",7.92320728302002,2,14,TRUE,TRUE
"27153","Todd","27",8.23475646972656,0,82,FALSE,TRUE
"27109","Olmsted","27",9.51062870025635,16,134,TRUE,TRUE
"29229","Wright","29",7.44836854934692,1,7,TRUE,TRUE
"29049","Clinton","29",8.14377593994141,0,21,FALSE,TRUE
"29179","Reynolds","29",7.65860033035278,1,7,TRUE,TRUE
"40123","Pontotoc","40",8.02451705932617,0,10,FALSE,TRUE
"40015","Caddo","40",7.42083406448364,12,36,TRUE,TRUE
"21111","Jefferson","21",9.44022369384766,4,13,TRUE,TRUE
"21117","Kenton","21",9.59368324279785,3,31,TRUE,TRUE
"27079","Le Sueur","27",9.10080718994141,16,190,TRUE,TRUE
"27143","Sibley","27",8.88459300994873,5,172,TRUE,TRUE
"29177","Ray","29",7.9521951675415,0,27,FALSE,TRUE
"29139","Montgomery","29",8.06573486328125,1,11,TRUE,TRUE
"29101","Johnson","29",7.86948728561401,1,24,TRUE,TRUE
"40037","Creek","40",7.77340507507324,0,11,FALSE,TRUE
"40005","Atoka","40",8.03681659698486,0,8,FALSE,TRUE
"40019","Carter","40",8.09393978118896,1,13,TRUE,TRUE
"40111","Okmulgee","40",7.9328203201294,0,13,FALSE,TRUE
"01007","Bibb","01",8.17637348175049,0,12,FALSE,TRUE
"01133","Winston","01",8.24232006072998,0,6,FALSE,TRUE
"01091","Marengo","01",7.85799217224121,1,8,TRUE,TRUE
"24013","Carroll","24",8.64413356781006,3,123,TRUE,TRUE
"25027","Worcester","25",7.56978464126587,173,585,TRUE,TRUE
"26159","Van Buren","26",8.67150402069092,1,41,TRUE,TRUE
"28081","Lee","28",8.34349918365479,0,2,FALSE,TRUE
"28091","Marion","28",8.33188056945801,0,12,FALSE,TRUE
"28067","Jones","28",8.69923973083496,1,8,TRUE,TRUE
"28107","Panola","28",7.9116907119751,1,5,TRUE,TRUE
"29057","Dade","29",7.85584688186646,0,15,FALSE,TRUE
"29007","Audrain","29",7.8669171333313,3,25,TRUE,TRUE
"29205","Shelby","29",7.64090299606323,3,16,TRUE,TRUE
"29123","Madison","29",7.8361873626709,1,7,TRUE,TRUE
"29223","Wayne","29",7.83399343490601,0,10,FALSE,TRUE
"40103","Noble","40",7.83481216430664,2,23,TRUE,TRUE
"40093","Major","40",7.4333119392395,1,22,TRUE,TRUE
"40099","Murray","40",8.14675426483154,4,10,TRUE,TRUE
"26023","Branch","26",9.3599910736084,4,34,TRUE,TRUE
"26019","Benzie","26",7.84451580047607,0,9,FALSE,TRUE
"26069","Iosco","26",8.28286266326904,4,17,TRUE,TRUE
"28085","Lincoln","28",8.53592014312744,0,4,FALSE,TRUE
"28073","Lamar","28",8.2155818939209,3,11,TRUE,TRUE
"28133","Sunflower","28",8.50334167480469,1,8,TRUE,TRUE
"29203","Shannon","29",7.56924152374268,0,3,FALSE,TRUE
"30111","Yellowstone","30",6.50317811965942,5,14,TRUE,TRUE
"40033","Cotton","40",7.61473035812378,0,12,FALSE,TRUE
"40061","Haskell","40",8.20302295684814,0,10,FALSE,TRUE
"27099","Mower","27",8.94075870513916,7,128,TRUE,TRUE
"27011","Big Stone","27",9.03919315338135,0,18,FALSE,TRUE
"28125","Sharkey","28",8.88912487030029,0,6,FALSE,TRUE
"28127","Simpson","28",9.22708606719971,0,10,FALSE,TRUE
"30065","Musselshell","30",6.88226222991943,0,8,FALSE,TRUE
"30109","Wibaux","30",9.21725177764893,0,4,FALSE,TRUE
"32021","Mineral","32",5.02258920669556,3,18,TRUE,TRUE
"35001","Bernalillo","35",5.20552730560303,14,37,TRUE,TRUE
"35011","De Baca","35",4.61874198913574,1,7,TRUE,TRUE
"28047","Harrison","28",8.4243574142456,2,5,TRUE,TRUE
"28005","Amite","28",8.49743938446045,0,7,FALSE,TRUE
"28153","Wayne","28",8.28310489654541,0,9,FALSE,TRUE
"28019","Choctaw","28",8.40727710723877,3,6,TRUE,TRUE
"28037","Franklin","28",8.6298303604126,0,2,FALSE,TRUE
"31023","Butler","31",7.44363784790039,1,22,TRUE,TRUE
"31089","Holt","31",6.99867486953735,2,14,TRUE,TRUE
"35047","San Miguel","35",4.22858953475952,4,15,TRUE,TRUE
"36049","Lewis","36",7.70915126800537,26,122,TRUE,TRUE
"36097","Schuyler","36",8.36934471130371,3,71,TRUE,TRUE
"29181","Ripley","29",7.7937798500061,0,4,FALSE,TRUE
"29186","Ste. Genevieve","29",8.30013751983643,0,14,FALSE,TRUE
"29021","Buchanan","29",8.3737268447876,2,16,TRUE,TRUE
"29107","Lafayette","29",8.01493549346924,2,22,TRUE,TRUE
"29053","Cooper","29",7.8200569152832,0,12,FALSE,TRUE
"31011","Boone","31",7.17452001571655,2,16,TRUE,TRUE
"31143","Polk","31",7.26383876800537,1,13,TRUE,TRUE
"31093","Howard","31",7.10278415679932,0,8,FALSE,TRUE
"31163","Sherman","31",7.07422113418579,0,12,FALSE,TRUE
"31175","Valley","31",7.06450414657593,1,8,TRUE,TRUE
"36095","Schoharie","36",8.25456142425537,2,126,TRUE,TRUE
"36035","Fulton","36",8.71235179901123,16,126,TRUE,TRUE
"30041","Hill","30",9.47543907165527,0,1,FALSE,TRUE
"01105","Perry","01",7.87790966033936,0,12,FALSE,TRUE
"31065","Furnas","31",6.83812284469604,2,12,TRUE,TRUE
"29167","Polk","29",7.83405208587646,0,11,FALSE,TRUE
"29151","Osage","29",7.92463397979736,0,9,FALSE,TRUE
"29161","Phelps","29",7.73396348953247,1,2,TRUE,TRUE
"31139","Pierce","31",7.29877138137817,0,23,FALSE,TRUE
"31045","Dawes","31",6.41320085525513,0,1,FALSE,TRUE
"31101","Keith","31",6.50077056884766,1,5,TRUE,TRUE
"31149","Rock","31",6.7981071472168,0,5,FALSE,TRUE
"36041","Hamilton","36",8.46230125427246,0,117,FALSE,TRUE
"37081","Guilford","37",8.36199760437012,12,101,TRUE,TRUE
"48329","Midland","48",7.34571409225464,1,35,TRUE,TRUE
"48093","Comanche","48",7.73854160308838,1,13,TRUE,TRUE
"48305","Lynn","48",5.80619812011719,3,23,TRUE,TRUE
"48385","Real","48",7.46533012390137,1,4,TRUE,TRUE
"29055","Crawford","29",7.79823398590088,0,3,FALSE,TRUE
"29083","Henry","29",7.88780641555786,0,12,FALSE,TRUE
"29225","Webster","29",7.62308597564697,0,9,FALSE,TRUE
"31063","Frontier","31",6.72245216369629,1,13,TRUE,TRUE
"31039","Cuming","31",7.45639991760254,3,29,TRUE,TRUE
"31047","Dawson","31",7.02610111236572,3,17,TRUE,TRUE
"31059","Fillmore","31",7.27382659912109,1,20,TRUE,TRUE
"37035","Catawba","37",8.13114547729492,16,127,TRUE,TRUE
"37151","Randolph","37",7.93147373199463,17,137,TRUE,TRUE
"37001","Alamance","37",7.91587018966675,9,106,TRUE,TRUE
"48297","Live Oak","48",7.93625402450562,0,18,FALSE,TRUE
"48307","McCulloch","48",7.50673151016235,2,9,TRUE,TRUE
"48151","Fisher","48",6.0637526512146,0,40,FALSE,TRUE
"48045","Briscoe","48",5.73329877853394,1,10,TRUE,TRUE
"25003","Berkshire","25",8.219651222229,28,276,TRUE,TRUE
"01013","Butler","01",7.84872484207153,0,8,FALSE,TRUE
"26121","Muskegon","26",8.83416080474854,2,31,TRUE,TRUE
"13059","Clarke","13",8.80683326721191,3,20,TRUE,TRUE
"13199","Meriwether","13",8.15341377258301,4,35,TRUE,TRUE
"16067","Minidoka","16",5.92278957366943,1,26,TRUE,TRUE
"18119","Owen","18",8.94421100616455,0,36,FALSE,TRUE
"18037","Dubois","18",8.79379081726074,1,23,TRUE,TRUE
"29059","Dallas","29",7.71391487121582,0,11,FALSE,TRUE
"31123","Morrill","31",6.11083650588989,0,6,FALSE,TRUE
"39083","Knox","39",9.63008689880371,1,21,TRUE,TRUE
"39031","Coshocton","39",9.86667728424072,0,12,FALSE,TRUE
"26157","Tuscola","26",8.55458831787109,7,59,TRUE,TRUE
"26031","Cheboygan","26",7.93378400802612,3,8,TRUE,TRUE
"13249","Schley","13",8.26111602783203,0,23,FALSE,TRUE
"31027","Cedar","31",7.6077823638916,2,21,TRUE,TRUE
"32023","Nye","32",5.05256986618042,4,13,TRUE,TRUE
"35059","Union","35",4.51007843017578,0,1,FALSE,TRUE
"18021","Clay","18",9.16763401031494,2,23,TRUE,TRUE
"54049","Marion","54",8.80956935882568,1,22,TRUE,TRUE
"40073","Kingfisher","40",7.75284147262573,4,28,TRUE,TRUE
"42019","Butler","42",9.28974628448486,0,35,FALSE,TRUE
"42131","Wyoming","42",8.97531127929688,3,25,TRUE,TRUE
"45001","Abbeville","45",7.79968690872192,2,41,TRUE,TRUE
"28093","Marshall","28",8.05117034912109,1,13,TRUE,TRUE
"39105","Meigs","39",8.7846794128418,1,13,TRUE,TRUE
"39093","Lorain","39",9.73021221160889,4,34,TRUE,TRUE
"55021","Columbia","55",9.90222549438477,4,46,TRUE,TRUE
"46047","Fall River","46",6.37032079696655,1,1,TRUE,TRUE
"47023","Chester","47",7.81035661697388,0,15,FALSE,TRUE
"28011","Bolivar","28",8.37598896026611,0,7,FALSE,TRUE
"28057","Itawamba","28",8.17817306518555,0,5,FALSE,TRUE
"41009","Columbia","41",5.00357246398926,3,24,TRUE,TRUE
"50017","Orange","50",8.17472743988037,5,84,TRUE,TRUE
"12086","Miami-Dade","12",8.24531555175781,10,18,TRUE,TRUE
"48505","Zapata","48",8.19543743133545,4,24,TRUE,TRUE
"48383","Reagan","48",7.73524904251099,1,28,TRUE,TRUE
"49031","Piute","49",4.34862232208252,0,19,FALSE,TRUE
"21233","Webster","21",8.59593677520752,2,10,TRUE,TRUE
"21211","Shelby","21",8.26832866668701,1,19,TRUE,TRUE
"17005","Bond","17",8.6880054473877,0,18,FALSE,TRUE
"17019","Champaign","17",8.99677085876465,10,45,TRUE,TRUE
"55079","Milwaukee","55",9.82119083404541,6,16,TRUE,TRUE
"56021","Laramie","56",4.68444538116455,6,22,TRUE,TRUE
"12059","Holmes","12",7.70553016662598,0,14,FALSE,TRUE
"05027","Columbia","05",8.52972602844238,0,6,FALSE,TRUE
"19123","Mahaska","19",8.84989166259766,1,19,TRUE,TRUE
"19187","Webster","19",8.15180683135986,5,46,TRUE,TRUE
"19099","Jasper","19",8.94207763671875,0,50,FALSE,TRUE
"19135","Monroe","19",8.25030040740967,1,16,TRUE,TRUE
"19017","Bremer","19",8.99265289306641,4,29,TRUE,TRUE
"19157","Poweshiek","19",8.97456359863281,6,30,TRUE,TRUE
"21087","Green","21",8.05531120300293,0,4,FALSE,TRUE
"22003","Allen","22",8.66219615936279,0,18,FALSE,TRUE
"08039","Elbert","08",5.18247747421265,1,69,TRUE,TRUE
"08003","Alamosa","08",4.59084796905518,9,13,TRUE,TRUE
"13233","Polk","13",8.39921188354492,4,13,TRUE,TRUE
"37185","Warren","37",7.71074199676514,10,127,TRUE,TRUE
"42001","Adams","42",9.14697647094727,6,76,TRUE,TRUE
"20095","Kingman","20",7.51419973373413,1,22,TRUE,TRUE
"20127","Morris","20",7.80104064941406,0,11,FALSE,TRUE
"20177","Shawnee","20",8.14137840270996,3,19,TRUE,TRUE
"20159","Rice","20",7.38349437713623,2,14,TRUE,TRUE
"22061","Lincoln","22",9.0343074798584,1,6,TRUE,TRUE
"23001","Androscoggin","23",6.3470401763916,16,81,TRUE,TRUE
"13231","Pike","13",8.16624450683594,0,24,FALSE,TRUE
"13273","Terrell","13",7.96171188354492,3,30,TRUE,TRUE
"46105","Perkins","46",7.65461111068726,0,2,FALSE,TRUE
"48117","Deaf Smith","48",5.54066133499146,1,22,TRUE,TRUE
"16021","Boundary","16",9.0997428894043,2,6,TRUE,TRUE
"17045","Edgar","17",9.00577163696289,0,31,FALSE,TRUE
"29217","Vernon","29",7.83420181274414,1,11,TRUE,TRUE
"31015","Boyd","31",7.3136248588562,0,5,FALSE,TRUE
"26081","Kent","26",9.40711498260498,8,37,TRUE,TRUE
"17011","Bureau","17",9.35003852844238,7,66,TRUE,TRUE
"17121","Marion","17",8.67705345153809,1,23,TRUE,TRUE
"18109","Morgan","18",9.26311206817627,1,37,TRUE,TRUE
"19127","Marshall","19",8.95029735565186,6,57,TRUE,TRUE
"19177","Van Buren","19",8.21884441375732,0,12,FALSE,TRUE
"20081","Haskell","20",6.7976016998291,1,14,TRUE,TRUE
"17023","Clark","17",8.94930267333984,3,17,TRUE,TRUE
"18001","Adams","18",9.55627536773682,1,31,TRUE,TRUE
"19109","Kossuth","19",8.29953193664551,8,55,TRUE,TRUE
"20137","Norton","20",6.81714248657227,0,8,FALSE,TRUE
"22051","Jefferson","22",9.22287940979004,2,21,TRUE,TRUE
"32007","Elko","32",4.84656238555908,1,6,TRUE,TRUE
"36015","Chemung","36",8.93150234222412,7,56,TRUE,TRUE
"17041","Douglas","17",8.8424015045166,1,33,TRUE,TRUE
"54077","Preston","54",8.6508150100708,0,36,FALSE,TRUE
"17061","Greene","17",8.51809024810791,0,14,FALSE,TRUE
"21137","Lincoln","21",8.04594993591309,0,9,FALSE,TRUE
"21143","Lyon","21",8.24688243865967,1,8,TRUE,TRUE
"26087","Lapeer","26",8.71081256866455,2,52,TRUE,TRUE
"23029","Washington","23",5.47504949569702,4,27,TRUE,TRUE
"29145","Newton","29",8.31021213531494,0,8,FALSE,TRUE
"29111","Lewis","29",7.90300607681274,0,14,FALSE,TRUE
"13013","Barrow","13",8.77418422698975,2,25,TRUE,TRUE
"37041","Chowan","37",7.41969537734985,5,80,TRUE,TRUE
"39017","Butler","39",9.69443130493164,8,38,TRUE,TRUE
"56023","Lincoln","56",4.37428665161133,5,13,TRUE,TRUE
"56015","Goshen","56",5.34906435012817,0,8,FALSE,TRUE
"05141","Van Buren","05",7.67983150482178,0,6,FALSE,TRUE
"26079","Kalkaska","26",8.21744728088379,1,13,TRUE,TRUE
"27149","Stevens","27",9.18636322021484,3,37,TRUE,TRUE
"28097","Montgomery","28",8.24732494354248,0,5,FALSE,TRUE
"29089","Howard","29",7.71742725372314,1,12,TRUE,TRUE
"51035","Carroll","51",7.89507722854614,2,30,TRUE,TRUE
"17115","Macon","17",9.00551605224609,4,37,TRUE,TRUE
"17139","Moultrie","17",8.76553535461426,1,28,TRUE,TRUE
"42009","Bedford","42",9.01626777648926,0,53,FALSE,TRUE
"47103","Lincoln","47",8.03133487701416,1,10,TRUE,TRUE
"26131","Ontonagon","26",7.1945424079895,1,6,TRUE,TRUE
"29155","Pemiscot","29",8.65110683441162,0,13,FALSE,TRUE
"29093","Iron","29",7.75580930709839,0,6,FALSE,TRUE
"31001","Adams","31",7.19781875610352,5,16,TRUE,TRUE
"35037","Quay","35",4.93218803405762,5,14,TRUE,TRUE
"37135","Orange","37",7.91193771362305,4,107,TRUE,TRUE
"17159","Richland","17",8.75603294372559,1,11,TRUE,TRUE
"17053","Ford","17",8.8692045211792,4,70,TRUE,TRUE
"05051","Garland","05",8.31145000457764,3,12,TRUE,TRUE
"48485","Wichita","48",7.64975547790527,3,15,TRUE,TRUE
"19159","Ringgold","19",8.14245414733887,0,26,FALSE,TRUE
"29213","Taney","29",7.88562393188477,2,10,TRUE,TRUE
"29163","Pike","29",8.19611644744873,1,11,TRUE,TRUE
"29153","Ozark","29",7.57496404647827,0,7,FALSE,TRUE
"29081","Harrison","29",8.10730171203613,0,16,FALSE,TRUE
"37037","Chatham","37",7.91859340667725,12,140,TRUE,TRUE
"40035","Craig","40",8.23267841339111,0,10,FALSE,TRUE
"05043","Drew","05",8.49180603027344,0,10,FALSE,TRUE
"08047","Gilpin","08",4.04054832458496,0,41,FALSE,TRUE
"19085","Harrison","19",7.86834144592285,0,22,FALSE,TRUE
"19097","Jackson","19",9.19266605377197,5,42,TRUE,TRUE
"20189","Stevens","20",6.52349424362183,1,7,TRUE,TRUE
"33005","Cheshire","33",7.68293046951294,1,184,TRUE,TRUE
"35025","Lea","35",5.08133220672607,12,42,TRUE,TRUE
"41069","Wheeler","41",4.88590812683105,0,8,FALSE,TRUE
"42025","Carbon","42",8.97500038146973,4,55,TRUE,TRUE
"13085","Dawson","13",8.73909759521484,0,16,FALSE,TRUE
"13161","Jeff Davis","13",8.18338680267334,6,11,TRUE,TRUE
"21219","Todd","21",8.51228713989258,0,8,FALSE,TRUE
"01015","Calhoun","01",8.26566219329834,3,14,TRUE,TRUE
"36005","Bronx","36",11.2184648513794,14,259,TRUE,TRUE
"46079","Lake","46",8.79541397094727,0,30,FALSE,TRUE
"47087","Jackson","47",8.03175449371338,0,5,FALSE,TRUE
"48255","Karnes","48",8.00814628601074,1,29,TRUE,TRUE
"18045","Fountain","18",9.21810817718506,0,41,FALSE,TRUE
"19171","Tama","19",8.93460655212402,4,42,TRUE,TRUE
"20009","Barton","20",7.26324129104614,3,19,TRUE,TRUE
"20109","Logan","20",6.52446222305298,0,9,FALSE,TRUE
"20101","Lane","20",6.66817998886108,0,10,FALSE,TRUE
"21047","Christian","21",8.34331130981445,0,9,FALSE,TRUE
"21019","Boyd","21",8.46825504302979,0,8,FALSE,TRUE
"36107","Tioga","36",8.82430934906006,9,54,TRUE,TRUE
"48049","Brown","48",7.43189191818237,1,10,TRUE,TRUE
"48483","Wheeler","48",6.04375457763672,0,4,FALSE,TRUE
"49039","Sanpete","49",4.4509449005127,5,24,TRUE,TRUE
"51570","Colonial Heights","51",8.71194458007812,0,28,FALSE,TRUE
"21141","Logan","21",8.44327163696289,0,11,FALSE,TRUE
"26145","Saginaw","26",9.12925338745117,5,60,TRUE,TRUE
"27117","Pipestone","27",8.5,28,99,TRUE,TRUE
"29215","Texas","29",7.5127420425415,0,6,FALSE,TRUE
"01123","Tallapoosa","01",8.17752361297607,2,18,TRUE,TRUE
"25019","Nantucket","25",5.2600245475769,1,20,TRUE,TRUE
"36019","Clinton","36",8.59419059753418,21,70,TRUE,TRUE
"13165","Jenkins","13",7.55320596694946,1,25,TRUE,TRUE
"13259","Stewart","13",7.87070751190186,2,23,TRUE,TRUE
"16065","Madison","16",5.25309944152832,1,16,TRUE,TRUE
"13093","Dooly","13",8.31010055541992,0,26,FALSE,TRUE
"13175","Laurens","13",7.85744571685791,2,23,TRUE,TRUE
"29115","Linn","29",7.64551830291748,1,19,TRUE,TRUE
"29043","Christian","29",7.84801149368286,1,11,TRUE,TRUE
"29141","Morgan","29",7.78122663497925,0,7,FALSE,TRUE
"29075","Gentry","29",8.19468879699707,2,15,TRUE,TRUE
"40119","Payne","40",7.75306129455566,2,17,TRUE,TRUE
"40081","Lincoln","40",7.57645082473755,0,15,FALSE,TRUE
"47015","Cannon","47",8.09479427337646,0,8,FALSE,TRUE
"47071","Hardin","47",8.00260066986084,2,10,TRUE,TRUE
"13069","Coffee","13",8.4136848449707,0,13,FALSE,TRUE
"30037","Golden Valley","30",6.26396179199219,1,13,TRUE,TRUE
"56009","Converse","56",5.21691846847534,9,17,TRUE,TRUE
"04003","Cochise","04",4.87465524673462,8,34,TRUE,TRUE
"05049","Fulton","05",7.46309947967529,0,5,FALSE,TRUE
"40051","Grady","40",7.8069257736206,7,37,TRUE,TRUE
"48299","Llano","48",8.06149482727051,3,9,TRUE,TRUE
"48209","Hays","48",8.90962314605713,1,44,TRUE,TRUE
"31053","Dodge","31",7.58121871948242,3,23,TRUE,TRUE
"31173","Thurston","31",7.53764009475708,1,21,TRUE,TRUE
"13211","Morgan","13",8.3041467666626,1,25,TRUE,TRUE
"17141","Ogle","17",9.36746692657471,7,86,TRUE,TRUE
"12035","Flagler","12",7.50890779495239,0,15,FALSE,TRUE
"13087","Decatur","13",8.12790298461914,6,30,TRUE,TRUE
"17015","Carroll","17",9.39870071411133,0,54,FALSE,TRUE
"48191","Hall","48",5.82224416732788,0,9,FALSE,TRUE
"48235","Irion","48",7.68840026855469,1,17,TRUE,TRUE
"48033","Borden","48",5.82142543792725,6,38,TRUE,TRUE
"49041","Sevier","49",4.22842454910278,1,24,TRUE,TRUE
"49021","Iron","49",4.8316650390625,18,42,TRUE,TRUE
"50023","Washington","50",8.29097175598145,9,92,TRUE,TRUE
"12133","Washington","12",7.61082458496094,0,15,FALSE,TRUE
"31017","Brown","31",6.71157789230347,1,4,TRUE,TRUE
"31105","Kimball","31",5.24323511123657,2,21,TRUE,TRUE
"33013","Merrimack","33",7.21737051010132,12,95,TRUE,TRUE
"17025","Clay","17",8.71818733215332,5,18,TRUE,TRUE
"17087","Johnson","17",8.02210426330566,0,15,FALSE,TRUE
"17155","Putnam","17",9.62728023529053,0,37,FALSE,TRUE
"19145","Page","19",8.14326667785645,1,28,TRUE,TRUE
"19061","Dubuque","19",9.34153747558594,5,35,TRUE,TRUE
"20035","Cowley","20",7.97388362884521,3,28,TRUE,TRUE
"13223","Paulding","13",8.72392654418945,0,35,FALSE,TRUE
"13023","Bleckley","13",7.97726631164551,2,19,TRUE,TRUE
"46045","Edmunds","46",8.82443523406982,0,5,FALSE,TRUE
"46067","Hutchinson","46",8.07789611816406,0,8,FALSE,TRUE
"46059","Hand","46",8.82363510131836,2,10,TRUE,TRUE
"35006","Cibola","35",4.36462116241455,5,34,TRUE,TRUE
"35057","Torrance","35",4.18630838394165,9,36,TRUE,TRUE
"35028","Los Alamos","35",4.54619836807251,1,7,TRUE,TRUE
"18079","Jennings","18",8.90668678283691,0,13,FALSE,TRUE
"18041","Fayette","18",9.06171226501465,0,33,FALSE,TRUE
"18137","Ripley","18",8.97366905212402,0,23,FALSE,TRUE
"18121","Parke","18",9.22497940063477,0,26,FALSE,TRUE
"21075","Fulton","21",8.42801570892334,0,7,FALSE,TRUE
"27105","Nobles","27",8.36629962921143,11,102,TRUE,TRUE
"28113","Pike","28",8.3575849533081,0,6,FALSE,TRUE
"46081","Lawrence","46",6.62761783599854,1,4,TRUE,TRUE
"46015","Brule","46",8.21303176879883,1,5,TRUE,TRUE
"46107","Potter","46",8.11799812316895,0,3,FALSE,TRUE
"36109","Tompkins","36",8.36846733093262,10,66,TRUE,TRUE
"36023","Cortland","36",8.0354061126709,7,76,TRUE,TRUE
"36099","Seneca","36",8.24448013305664,6,91,TRUE,TRUE
"18101","Martin","18",8.72932720184326,2,16,TRUE,TRUE
"18073","Jasper","18",8.52334499359131,8,68,TRUE,TRUE
"19153","Polk","19",9.25611877441406,8,50,TRUE,TRUE
"48309","McLennan","48",9.1105842590332,4,29,TRUE,TRUE
"48251","Johnson","48",8.92298889160156,1,47,TRUE,TRUE
"48451","Tom Green","48",7.60211563110352,2,23,TRUE,TRUE
"48133","Eastland","48",7.30987739562988,1,8,TRUE,TRUE
"48285","Lavaca","48",8.1062536239624,0,21,FALSE,TRUE
"48113","Dallas","48",10.5469741821289,11,57,TRUE,TRUE
"48013","Atascosa","48",7.5387110710144,1,36,TRUE,TRUE
"38063","Nelson","38",9.25735569000244,0,6,FALSE,TRUE
"38061","Mountrail","38",10.2369823455811,0,5,FALSE,TRUE
"38089","Stark","38",9.19664192199707,1,11,TRUE,TRUE
"19049","Dallas","19",8.57595634460449,0,61,FALSE,TRUE
"19021","Buena Vista","19",7.81217241287231,1,28,TRUE,TRUE
"19015","Boone","19",8.48708152770996,3,48,TRUE,TRUE
"19141","O'Brien","19",8.03567981719971,2,44,TRUE,TRUE
"19091","Humboldt","19",8.12002468109131,0,33,FALSE,TRUE
"48101","Cottle","48",5.98731136322021,0,8,FALSE,TRUE
"48183","Gregg","48",9.12592124938965,1,10,TRUE,TRUE
"48233","Hutchinson","48",6.3600811958313,5,31,TRUE,TRUE
"48127","Dimmit","48",7.04724359512329,2,9,TRUE,TRUE
"48447","Throckmorton","48",7.0634446144104,3,23,TRUE,TRUE
"48337","Montague","48",7.95600700378418,0,17,FALSE,TRUE
"48159","Franklin","48",8.97110557556152,1,9,TRUE,TRUE
"48445","Terry","48",5.46304607391357,0,19,FALSE,TRUE
"38083","Sheridan","38",8.97055149078369,0,9,FALSE,TRUE
"39091","Logan","39",9.62685585021973,1,28,TRUE,TRUE
"39063","Hancock","39",9.0264949798584,5,42,TRUE,TRUE
"39121","Noble","39",9.32424831390381,0,13,FALSE,TRUE
"20051","Ellis","20",7.03816795349121,3,13,TRUE,TRUE
"20143","Ottawa","20",7.6669225692749,1,12,TRUE,TRUE
"20169","Saline","20",7.76375913619995,0,11,FALSE,TRUE
"20155","Reno","20",7.57544755935669,2,26,TRUE,TRUE
"20105","Lincoln","20",7.50258445739746,3,12,TRUE,TRUE
"30011","Carter","30",7.47842836380005,0,2,FALSE,TRUE
"30079","Prairie","30",8.34831523895264,0,5,FALSE,TRUE
"31037","Colfax","31",7.3748574256897,0,19,FALSE,TRUE
"31041","Custer","31",6.92886114120483,5,17,TRUE,TRUE
"48461","Upton","48",7.53493404388428,6,38,TRUE,TRUE
"48163","Frio","48",6.95892858505249,3,20,TRUE,TRUE
"48179","Gray","48",6.05099582672119,0,14,FALSE,TRUE
"48425","Somervell","48",8.43272876739502,1,17,TRUE,TRUE
"48211","Hemphill","48",6.53380680084229,1,5,TRUE,TRUE
"48107","Crosby","48",5.59173917770386,4,24,TRUE,TRUE
"48433","Stonewall","48",6.28708696365356,0,23,FALSE,TRUE
"27121","Pope","27",9.19161415100098,17,63,TRUE,TRUE
"39023","Clark","39",9.58287906646729,1,31,TRUE,TRUE
"39059","Guernsey","39",9.62474060058594,1,14,TRUE,TRUE
"39005","Ashland","39",9.40358257293701,0,25,FALSE,TRUE
"39159","Union","39",9.69102382659912,0,26,FALSE,TRUE
"20031","Coffey","20",7.81199073791504,5,23,TRUE,TRUE
"20171","Scott","20",6.57100486755371,0,7,FALSE,TRUE
"20087","Jefferson","20",8.0142879486084,0,22,FALSE,TRUE
"20179","Sheridan","20",6.57266044616699,0,8,FALSE,TRUE
"20071","Greeley","20",6.07828426361084,0,5,FALSE,TRUE
"31181","Webster","31",7.29632186889648,4,14,TRUE,TRUE
"31019","Buffalo","31",7.08888006210327,2,23,TRUE,TRUE
"31013","Box Butte","31",6.05157136917114,0,2,FALSE,TRUE
"27159","Wadena","27",8.27000331878662,0,6,FALSE,TRUE
"28099","Neshoba","28",8.99683380126953,0,11,FALSE,TRUE
"28065","Jefferson Davis","28",8.60366153717041,1,10,TRUE,TRUE
"28115","Pontotoc","28",8.15636348724365,0,2,FALSE,TRUE
"40049","Garvin","40",7.95898962020874,0,15,FALSE,TRUE
"40131","Rogers","40",8.47084140777588,1,18,TRUE,TRUE
"20187","Stanton","20",6.22423791885376,2,9,TRUE,TRUE
"21173","Montgomery","21",8.03336524963379,0,8,FALSE,TRUE
"21057","Cumberland","21",7.97804880142212,0,4,FALSE,TRUE
"31003","Antelope","31",7.25809955596924,5,16,TRUE,TRUE
"32027","Pershing","32",5.29578161239624,2,15,TRUE,TRUE
"35049","Santa Fe","35",4.49467277526855,1,30,TRUE,TRUE
"28135","Tallahatchie","28",8.13812351226807,0,5,FALSE,TRUE
"29039","Cedar","29",7.76635789871216,2,11,TRUE,TRUE
"29001","Adair","29",7.74806880950928,0,17,FALSE,TRUE
"29169","Pulaski","29",7.6905026435852,1,6,TRUE,TRUE
"41071","Yamhill","41",5.01156997680664,12,75,TRUE,TRUE
"41049","Morrow","41",5.25187921524048,18,59,TRUE,TRUE
"22121","West Baton Rouge","22",9.1896505355835,2,21,TRUE,TRUE
"22049","Jackson","22",8.73642158508301,1,7,TRUE,TRUE
"26075","Jackson","26",9.76046466827393,3,37,TRUE,TRUE
"36039","Greene","36",8.62522220611572,10,132,TRUE,TRUE
"36057","Montgomery","36",8.84721660614014,9,130,TRUE,TRUE
"29079","Grundy","29",7.92414903640747,3,10,TRUE,TRUE
"29211","Sullivan","29",7.71953296661377,0,15,FALSE,TRUE
"29131","Miller","29",7.80214929580688,1,8,TRUE,TRUE
"29015","Benton","29",7.84782028198242,1,6,TRUE,TRUE
"42011","Berks","42",9.34554100036621,8,85,TRUE,TRUE
"42087","Mifflin","42",9.27031326293945,0,22,FALSE,TRUE
"26095","Luce","26",7.66443395614624,0,1,FALSE,TRUE
"26039","Crawford","26",8.26191139221191,1,9,TRUE,TRUE
"27037","Dakota","27",10.4875822067261,30,195,TRUE,TRUE
"37197","Yadkin","37",8.04054927825928,8,66,TRUE,TRUE
"37063","Durham","37",8.51035404205322,5,115,TRUE,TRUE
"40083","Logan","40",7.6200122833252,2,23,TRUE,TRUE
"40097","Mayes","40",8.38268756866455,5,14,TRUE,TRUE
"42075","Lebanon","42",9.9719409942627,3,51,TRUE,TRUE
"51197","Wythe","51",7.86726474761963,1,13,TRUE,TRUE
"51045","Craig","51",7.87902927398682,0,14,FALSE,TRUE
"51660","Harrisonburg","51",9.57179260253906,2,9,TRUE,TRUE
"27123","Ramsey","27",11.5084886550903,5,167,TRUE,TRUE
"27035","Crow Wing","27",8.6161994934082,2,10,TRUE,TRUE
"27005","Becker","27",8.72090148925781,1,15,TRUE,TRUE
"37191","Wayne","37",7.92031240463257,36,213,TRUE,TRUE
"37061","Duplin","37",8.19577693939209,36,180,TRUE,TRUE
"42119","Union","42",9.59696578979492,2,18,TRUE,TRUE
"42081","Lycoming","42",8.98587608337402,4,29,TRUE,TRUE
"51640","Galax","51",8.12588977813721,0,13,FALSE,TRUE
"53013","Columbia","53",5.76657247543335,4,16,TRUE,TRUE
"55087","Outagamie","55",9.15104389190674,12,29,TRUE,TRUE
"27003","Anoka","27",10.4790859222412,2,188,TRUE,TRUE
"27095","Mille Lacs","27",9.32407379150391,1,106,TRUE,TRUE
"27029","Clearwater","27",8.48422336578369,0,3,FALSE,TRUE
"37003","Alexander","37",8.18144702911377,3,71,TRUE,TRUE
"38031","Foster","38",8.2601728439331,0,5,FALSE,TRUE
"38045","LaMoure","38",7.94460773468018,1,7,TRUE,TRUE
"38069","Pierce","38",9.682861328125,1,2,TRUE,TRUE
"42079","Luzerne","42",9.20032501220703,8,41,TRUE,TRUE
"13307","Webster","13",7.95431089401245,0,28,FALSE,TRUE
"46037","Day","46",9.17159652709961,1,12,TRUE,TRUE
"55077","Marquette","55",10.0250225067139,0,23,FALSE,TRUE
"55103","Richland","55",9.43130588531494,4,29,TRUE,TRUE
"56017","Hot Springs","56",4.84694194793701,0,2,FALSE,TRUE
"28025","Clay","28",8.32506942749023,0,7,FALSE,TRUE
"28139","Tippah","28",8.07371139526367,0,10,FALSE,TRUE
"28119","Quitman","28",8.1309061050415,0,4,FALSE,TRUE
"39073","Hocking","39",8.96383762359619,0,12,FALSE,TRUE
"39175","Wyandot","39",9.04451656341553,2,35,TRUE,TRUE
"39151","Stark","39",10.0826396942139,1,25,TRUE,TRUE
"46125","Turner","46",8.0203046798706,1,8,TRUE,TRUE
"46033","Custer","46",6.57173681259155,0,3,FALSE,TRUE
"46017","Buffalo","46",8.63552379608154,0,10,FALSE,TRUE
"17193","White","17",8.50547313690186,2,13,TRUE,TRUE
"18043","Floyd","18",8.77822399139404,0,12,FALSE,TRUE
"18007","Benton","18",8.91740226745605,5,46,TRUE,TRUE
"28123","Scott","28",9.19200992584229,0,7,FALSE,TRUE
"28101","Newton","28",8.52365875244141,0,9,FALSE,TRUE
"29121","Macon","29",7.64729690551758,6,16,TRUE,TRUE
"29067","Douglas","29",7.46306324005127,0,11,FALSE,TRUE
"39141","Ross","39",8.95102310180664,3,14,TRUE,TRUE
"39077","Huron","39",9.01685333251953,2,29,TRUE,TRUE
"39047","Fayette","39",9.11329174041748,0,20,FALSE,TRUE
"46063","Harding","46",7.57190370559692,0,4,FALSE,TRUE
"47075","Haywood","47",8.02051067352295,4,17,TRUE,TRUE
"18039","Elkhart","18",8.9728193283081,4,31,TRUE,TRUE
"18033","DeKalb","18",9.39905548095703,2,34,TRUE,TRUE
"13063","Clayton","13",9.64985752105713,0,31,FALSE,TRUE
"13171","Lamar","13",8.37533187866211,1,21,TRUE,TRUE
"27041","Douglas","27",9.08778476715088,5,46,TRUE,TRUE
"28031","Covington","28",9.09167098999023,0,10,FALSE,TRUE
"29071","Franklin","29",8.28571319580078,1,14,TRUE,TRUE
"17001","Adams","17",8.30852508544922,1,15,TRUE,TRUE
"51690","Martinsville","51",8.33793640136719,0,31,FALSE,TRUE
"56019","Johnson","56",5.27880096435547,0,4,FALSE,TRUE
"21191","Pendleton","21",8.66844749450684,1,25,TRUE,TRUE
"26107","Mecosta","26",8.87970924377441,1,21,TRUE,TRUE
"29185","St. Clair","29",7.80551242828369,0,6,FALSE,TRUE
"30097","Sweet Grass","30",5.57545804977417,2,11,TRUE,TRUE
"35041","Roosevelt","35",4.86668539047241,3,16,TRUE,TRUE
"29073","Gasconade","29",7.98200273513794,0,8,FALSE,TRUE
"30095","Stillwater","30",5.59195470809937,2,13,TRUE,TRUE
"31113","Logan","31",6.65375232696533,0,3,FALSE,TRUE
"35003","Catron","35",4.62913513183594,1,4,TRUE,TRUE
"50005","Caledonia","50",8.33243751525879,8,50,TRUE,TRUE
"18087","LaGrange","18",8.88743114471436,1,28,TRUE,TRUE
"39071","Highland","39",8.8825273513794,1,16,TRUE,TRUE
"40055","Greer","40",6.47464323043823,1,9,TRUE,TRUE
"19033","Cerro Gordo","19",8.58190536499023,5,45,TRUE,TRUE
"05083","Logan","05",8.43022346496582,1,12,TRUE,TRUE
"18169","Wabash","18",9.16434955596924,1,18,TRUE,TRUE
"27085","McLeod","27",9.05466938018799,19,147,TRUE,TRUE
"12067","Lafayette","12",7.83208560943604,0,21,FALSE,TRUE
"48463","Uvalde","48",7.27456903457642,1,6,TRUE,TRUE
"38039","Griggs","38",8.46142673492432,0,8,FALSE,TRUE
"01083","Limestone","01",8.28612613677979,2,10,TRUE,TRUE
"16011","Bingham","16",5.34792804718018,0,26,FALSE,TRUE
"48415","Scurry","48",5.87655735015869,13,43,TRUE,TRUE
"28159","Winston","28",8.42790508270264,0,10,FALSE,TRUE
"30025","Fallon","30",8.187912940979,1,3,TRUE,TRUE
"40153","Woodward","40",6.9845085144043,6,19,TRUE,TRUE
"26149","St. Joseph","26",8.83443260192871,4,41,TRUE,TRUE
"18151","Steuben","18",9.54186534881592,0,30,FALSE,TRUE
"01113","Russell","01",8.09761047363281,1,22,TRUE,TRUE
"21093","Hardin","21",8.41095161437988,1,9,TRUE,TRUE
"26053","Gogebic","26",7.40322351455688,2,5,TRUE,TRUE
"40141","Tillman","40",6.9650764465332,0,16,FALSE,TRUE
"47013","Campbell","47",8.13009262084961,0,9,FALSE,TRUE
"51171","Shenandoah","51",8.90834140777588,1,17,TRUE,TRUE
"55037","Florence","55",8.09486293792725,3,19,TRUE,TRUE
"12093","Okeechobee","12",7.39828824996948,4,36,TRUE,TRUE
"22073","Ouachita","22",9.13934230804443,4,8,TRUE,TRUE
"30043","Jefferson","30",5.78132200241089,0,9,FALSE,TRUE
"37027","Caldwell","37",7.90645980834961,4,52,TRUE,TRUE
"48213","Henderson","48",8.84881210327148,1,13,TRUE,TRUE
"53025","Grant","53",7.6306939125061,5,27,TRUE,TRUE
"13151","Henry","13",8.79120826721191,0,39,FALSE,TRUE
"48189","Hale","48",5.62438583374023,3,25,TRUE,TRUE
"39161","Van Wert","39",9.57697772979736,3,34,TRUE,TRUE
"19119","Lyon","19",8.45406532287598,1,46,TRUE,TRUE
"01027","Clay","01",8.13515949249268,0,14,FALSE,TRUE
"26127","Oceana","26",8.462721824646,1,16,TRUE,TRUE
"13139","Hall","13",9.09695529937744,0,31,FALSE,TRUE
"18099","Marshall","18",8.5561933517456,2,32,TRUE,TRUE
"30057","Madison","30",4.98581171035767,1,6,TRUE,TRUE
"51073","Gloucester","51",7.4992265701294,2,33,TRUE,TRUE
"27025","Chisago","27",9.74285316467285,46,99,TRUE,TRUE
"39145","Scioto","39",8.51924228668213,1,14,TRUE,TRUE
"55083","Oconto","55",8.63895511627197,3,33,TRUE,TRUE
"51685","Manassas Park","51",9.17017269134521,0,50,FALSE,TRUE
"55133","Waukesha","55",9.63304424285889,1,30,TRUE,TRUE
"55141","Wood","55",9.97292137145996,8,30,TRUE,TRUE
"01067","Henry","01",7.87804365158081,0,16,FALSE,TRUE
"17119","Madison","17",9.08266735076904,6,25,TRUE,TRUE
"19129","Mills","19",8.13207817077637,0,21,FALSE,TRUE
"55099","Price","55",8.57224655151367,3,22,TRUE,TRUE
"35019","Guadalupe","35",4.38060188293457,1,15,TRUE,TRUE
"38041","Hettinger","38",9.07075119018555,1,6,TRUE,TRUE
"39119","Muskingum","39",9.64813232421875,1,10,TRUE,TRUE
"39163","Vinton","39",8.76082801818848,1,9,TRUE,TRUE
"40039","Custer","40",6.83595132827759,1,19,TRUE,TRUE
"06075","San Francisco","06",7.54321956634521,6,73,TRUE,TRUE
"48487","Wilbarger","48",6.90204048156738,5,18,TRUE,TRUE
"28075","Lauderdale","28",8.14701747894287,4,8,TRUE,TRUE
"29199","Scotland","29",7.82442569732666,1,10,TRUE,TRUE
"31087","Hitchcock","31",6.51333236694336,0,6,FALSE,TRUE
"39037","Darke","39",9.94606113433838,5,40,TRUE,TRUE
"18173","Warrick","18",8.87533283233643,2,22,TRUE,TRUE
"18105","Monroe","18",9.0329065322876,1,31,TRUE,TRUE
"26093","Livingston","26",9.52799987792969,1,55,TRUE,TRUE
"47109","McNairy","47",7.89932537078857,4,12,TRUE,TRUE
"53059","Skamania","53",5.42461681365967,1,42,TRUE,TRUE
"31075","Grant","31",6.34183692932129,0,0,FALSE,FALSE
"40127","Pushmataha","40",8.16700267791748,1,5,TRUE,TRUE
"46129","Walworth","46",8.04376411437988,0,1,FALSE,TRUE
"48263","Kent","48",5.6893458366394,4,23,TRUE,TRUE
"48363","Palo Pinto","48",7.73715114593506,1,19,TRUE,TRUE
"17145","Perry","17",8.65398025512695,2,22,TRUE,TRUE
"55089","Ozaukee","55",9.07709789276123,0,22,FALSE,TRUE
"51670","Hopewell","51",8.55079364776611,3,30,TRUE,TRUE
"13067","Cobb","13",9.84261608123779,4,31,TRUE,TRUE
"48221","Hood","48",8.50692176818848,3,29,TRUE,TRUE
"28017","Chickasaw","28",8.28625965118408,2,5,TRUE,TRUE
"55135","Waupaca","55",9.32187080383301,0,38,FALSE,TRUE
"55091","Pepin","55",9.36791229248047,0,73,FALSE,TRUE
"01029","Cleburne","01",8.25075244903564,0,21,FALSE,TRUE
"13017","Ben Hill","13",8.30370903015137,0,10,FALSE,TRUE
"13201","Miller","13",8.16723537445068,0,28,FALSE,TRUE
"19143","Osceola","19",8.25415515899658,6,52,TRUE,TRUE
"20185","Stafford","20",7.30723094940186,2,18,TRUE,TRUE
"28069","Kemper","28",8.20753002166748,2,8,TRUE,TRUE
"29125","Maries","29",7.78911018371582,0,6,FALSE,TRUE
"29219","Warren","29",8.36960029602051,0,9,FALSE,TRUE
"31079","Hall","31",7.2118821144104,2,13,TRUE,TRUE
"05055","Greene","05",8.82517719268799,3,13,TRUE,TRUE
"17013","Calhoun","17",8.61001396179199,0,21,FALSE,TRUE
"55109","St. Croix","55",9.82619953155518,2,132,TRUE,TRUE
"05065","Izard","05",7.42270755767822,0,7,FALSE,TRUE
"12099","Palm Beach","12",8.20550537109375,9,34,TRUE,TRUE
"19113","Linn","19",9.39717960357666,12,40,TRUE,TRUE
"19105","Jones","19",9.13853359222412,0,42,FALSE,TRUE
"31073","Gosper","31",6.89635467529297,3,13,TRUE,TRUE
"36121","Wyoming","36",8.25781631469727,13,112,TRUE,TRUE
"19173","Taylor","19",8.16494560241699,4,30,TRUE,TRUE
"51770","Roanoke","51",9.37576293945312,0,13,FALSE,TRUE
"55041","Forest","55",8.17125988006592,0,23,FALSE,TRUE
"08025","Crowley","08",5.07857084274292,1,18,TRUE,TRUE
"13287","Turner","13",8.25942420959473,0,15,FALSE,TRUE
"26117","Montcalm","26",9.23780536651611,5,37,TRUE,TRUE
"31009","Blaine","31",6.62101793289185,0,5,FALSE,TRUE
"31125","Nance","31",7.16378021240234,0,15,FALSE,TRUE
"35005","Chaves","35",4.94827556610107,8,17,TRUE,TRUE
"37183","Wake","37",8.61509799957275,12,187,TRUE,TRUE
"38065","Oliver","38",8.67418766021729,3,21,TRUE,TRUE
"13193","Macon","13",8.44596195220947,1,33,TRUE,TRUE
"18081","Johnson","18",9.61563682556152,3,39,TRUE,TRUE
"48027","Bell","48",9.41084384918213,6,27,TRUE,TRUE
"05009","Boone","05",7.94411754608154,0,5,FALSE,TRUE
"08063","Kit Carson","08",5.92102241516113,6,16,TRUE,TRUE
"38021","Dickey","38",8.3598518371582,2,5,TRUE,TRUE
"39045","Fairfield","39",9.44652652740479,0,15,FALSE,TRUE
"39097","Madison","39",9.37110328674316,4,19,TRUE,TRUE
"12115","Sarasota","12",8.13634490966797,1,40,TRUE,TRUE
"48259","Kendall","48",8.13372707366943,0,17,FALSE,TRUE
"48365","Panola","48",9.07717037200928,0,12,FALSE,TRUE
"48171","Gillespie","48",7.88412046432495,0,9,FALSE,TRUE
"13149","Heard","13",9.89259815216064,5,16,TRUE,TRUE
"39087","Lawrence","39",8.48835754394531,1,15,TRUE,TRUE
"42105","Potter","42",8.77858448028564,1,26,TRUE,TRUE
"46051","Grant","46",8.51503086090088,5,14,TRUE,TRUE
"48111","Dallam","48",5.30580806732178,0,9,FALSE,TRUE
"40091","McIntosh","40",8.1027364730835,1,8,TRUE,TRUE
"40149","Washita","40",6.64607000350952,3,26,TRUE,TRUE
"05035","Crittenden","05",8.52159595489502,1,13,TRUE,TRUE
"41041","Lincoln","41",4.03784227371216,1,22,TRUE,TRUE
"18093","Lawrence","18",8.77233123779297,2,16,TRUE,TRUE
"18103","Miami","18",9.01265621185303,4,22,TRUE,TRUE
"19081","Hancock","19",8.45231437683105,2,48,TRUE,TRUE
"19095","Iowa","19",9.05440425872803,3,33,TRUE,TRUE
"20193","Thomas","20",6.33304786682129,5,11,TRUE,TRUE
"17157","Randolph","17",8.72597789764404,2,26,TRUE,TRUE
"17085","Jo Daviess","17",9.3292760848999,2,41,TRUE,TRUE
"27161","Waseca","27",8.8309965133667,18,139,TRUE,TRUE
"27083","Lyon","27",8.46866703033447,13,129,TRUE,TRUE
"28077","Lawrence","28",8.73864936828613,1,6,TRUE,TRUE
"31167","Stanton","31",7.32380437850952,0,23,FALSE,TRUE
"35061","Valencia","35",5.18081378936768,9,33,TRUE,TRUE
"47067","Hancock","47",7.95313549041748,1,12,TRUE,TRUE
"17059","Gallatin","17",8.46942901611328,0,10,FALSE,TRUE
"20079","Harvey","20",7.69972133636475,0,17,FALSE,TRUE
"21009","Barren","21",8.21885585784912,1,5,TRUE,TRUE
"18155","Switzerland","18",8.8422441482544,1,22,TRUE,TRUE
"19071","Fremont","19",8.14717292785645,0,25,FALSE,TRUE
"20175","Seward","20",6.75830459594727,2,9,TRUE,TRUE
"39065","Hardin","39",9.13202381134033,4,29,TRUE,TRUE
"40017","Canadian","40",8.0531759262085,4,32,TRUE,TRUE
"48441","Taylor","48",6.74660968780518,8,27,TRUE,TRUE
"18029","Dearborn","18",9.0205888748169,1,28,TRUE,TRUE
"20089","Jewell","20",7.43934774398804,0,14,FALSE,TRUE
"21213","Simpson","21",8.53420829772949,1,6,TRUE,TRUE
"23011","Kennebec","23",6.1184344291687,18,91,TRUE,TRUE
"51550","Chesapeake","51",7.64854907989502,7,53,TRUE,TRUE
"17165","Saline","17",8.39192771911621,0,14,FALSE,TRUE
"21185","Oldham","21",8.46669960021973,1,14,TRUE,TRUE
"01021","Chilton","01",8.05393695831299,2,17,TRUE,TRUE
"23009","Hancock","23",5.53751468658447,8,43,TRUE,TRUE
"36093","Schenectady","36",9.19711303710938,13,132,TRUE,TRUE
"37109","Lincoln","37",7.8994402885437,5,136,TRUE,TRUE
"38049","McHenry","38",9.57814979553223,2,5,TRUE,TRUE
"27133","Rock","27",8.50556755065918,5,75,TRUE,TRUE
"28023","Clarke","28",8.09588718414307,0,9,FALSE,TRUE
"35009","Curry","35",5.13832855224609,6,21,TRUE,TRUE
"36073","Orleans","36",8.37545776367188,5,91,TRUE,TRUE
"54055","Mercer","54",7.85949182510376,0,8,FALSE,TRUE
"55013","Burnett","55",8.67526817321777,3,79,TRUE,TRUE
"26101","Manistee","26",8.13987445831299,3,15,TRUE,TRUE
"28059","Jackson","28",8.42804145812988,2,10,TRUE,TRUE
"39113","Montgomery","39",9.96722507476807,4,40,TRUE,TRUE
"39115","Morgan","39",9.14842414855957,0,11,FALSE,TRUE
"40107","Okfuskee","40",7.71090078353882,1,5,TRUE,TRUE
"13071","Colquitt","13",8.90491771697998,2,28,TRUE,TRUE
"13005","Bacon","13",8.09253311157227,0,14,FALSE,TRUE
"19115","Louisa","19",9.05072975158691,2,21,TRUE,TRUE
"56001","Albany","56",4.19910097122192,2,29,TRUE,TRUE
"05087","Madison","05",7.95851612091064,0,15,FALSE,TRUE
"29009","Barry","29",8.37226581573486,0,17,FALSE,TRUE
"35029","Luna","35",5.23577976226807,6,14,TRUE,TRUE
"13035","Butts","13",8.31776809692383,1,25,TRUE,TRUE
"42053","Forest","42",8.0866813659668,0,9,FALSE,TRUE
"54005","Boone","54",8.03137683868408,0,7,FALSE,TRUE
"55081","Monroe","55",9.73960208892822,3,37,TRUE,TRUE
"55067","Langlade","55",8.90732574462891,0,22,FALSE,TRUE
"19019","Buchanan","19",9.10682392120361,1,40,TRUE,TRUE
"20059","Franklin","20",7.85853433609009,1,28,TRUE,TRUE
"20195","Trego","20",6.78119850158691,1,8,TRUE,TRUE
"51043","Clarke","51",8.85904598236084,1,32,TRUE,TRUE
"45039","Fairfield","45",7.66224956512451,4,42,TRUE,TRUE
"47077","Henderson","47",7.82730674743652,0,12,FALSE,TRUE
"48473","Waller","48",8.63034152984619,1,61,TRUE,TRUE
"48087","Collingsworth","48",5.8351092338562,0,5,FALSE,TRUE
"13277","Tift","13",8.41891288757324,0,21,FALSE,TRUE
"18097","Marion","18",10.6863441467285,23,55,TRUE,TRUE
"18065","Henry","18",9.38777160644531,4,48,TRUE,TRUE
"18181","White","18",8.68121147155762,11,42,TRUE,TRUE
"01039","Covington","01",7.86239337921143,4,9,TRUE,TRUE
"05105","Perry","05",8.2822265625,0,14,FALSE,TRUE
"12019","Clay","12",7.57256555557251,3,39,TRUE,TRUE
"46025","Clark","46",9.05477237701416,3,10,TRUE,TRUE
"47007","Bledsoe","47",8.17470073699951,0,12,FALSE,TRUE
"48439","Tarrant","48",10.5063858032227,21,57,TRUE,TRUE
"19181","Warren","19",8.62755107879639,1,22,TRUE,TRUE
"19103","Johnson","19",9.40992164611816,5,32,TRUE,TRUE
"19137","Montgomery","19",8.05578517913818,1,43,TRUE,TRUE
"20065","Graham","20",6.79198598861694,1,9,TRUE,TRUE
"01077","Lauderdale","01",8.04826736450195,3,16,TRUE,TRUE
"13131","Grady","13",8.27939510345459,1,25,TRUE,TRUE
"20011","Bourbon","20",7.77171039581299,1,17,TRUE,TRUE
"21145","McCracken","21",8.53139305114746,2,8,TRUE,TRUE
"21171","Monroe","21",8.01657676696777,0,4,FALSE,TRUE
"48123","DeWitt","48",7.89747142791748,0,21,FALSE,TRUE
"26045","Eaton","26",9.88160037994385,3,33,TRUE,TRUE
"27057","Hubbard","27",8.63121604919434,0,1,FALSE,TRUE
"20003","Anderson","20",7.82614517211914,2,25,TRUE,TRUE
"20083","Hodgeman","20",6.9210615158081,1,18,TRUE,TRUE
"22089","St. Charles","22",9.23789882659912,6,24,TRUE,TRUE
"26161","Washtenaw","26",9.34313869476318,6,46,TRUE,TRUE
"16019","Bonneville","16",4.82471752166748,10,21,TRUE,TRUE
"17183","Vermilion","17",9.03925800323486,7,41,TRUE,TRUE
"20007","Barber","20",7.29150009155273,2,16,TRUE,TRUE
"27081","Lincoln","27",8.60092830657959,25,95,TRUE,TRUE
"28027","Coahoma","28",8.06952857971191,2,5,TRUE,TRUE
"30091","Sheridan","30",11.1078824996948,0,4,FALSE,TRUE
"28071","Lafayette","28",8.14208698272705,0,5,FALSE,TRUE
"28015","Carroll","28",8.10466480255127,1,6,TRUE,TRUE
"17093","Kendall","17",9.42891311645508,1,86,TRUE,TRUE
"55045","Green","55",9.53911399841309,1,67,TRUE,TRUE
"55125","Vilas","55",8.02522945404053,0,9,FALSE,TRUE
"05123","St. Francis","05",8.1295223236084,2,8,TRUE,TRUE
"20183","Smith","20",7.21018934249878,0,12,FALSE,TRUE
"35053","Socorro","35",4.83137559890747,0,19,FALSE,TRUE
"51830","Williamsburg","51",7.87257289886475,0,26,FALSE,TRUE
"31165","Sioux","31",5.82984733581543,0,3,FALSE,TRUE
"36021","Columbia","36",8.74140548706055,7,169,TRUE,TRUE
"39099","Mahoning","39",9.68802356719971,1,25,TRUE,TRUE
"29047","Clay","29",8.53190422058105,0,26,FALSE,TRUE
"29135","Moniteau","29",7.81336355209351,0,11,FALSE,TRUE
"31119","Madison","31",7.22378492355347,2,23,TRUE,TRUE
"05079","Lincoln","05",8.89739513397217,1,8,TRUE,TRUE
"08045","Garfield","08",3.98583817481995,9,26,TRUE,TRUE
"13057","Cherokee","13",8.84084606170654,0,32,FALSE,TRUE
"26043","Dickinson","26",8.04002380371094,5,27,TRUE,TRUE
"20073","Greenwood","20",7.86798191070557,0,21,FALSE,TRUE
"26065","Ingham","26",9.97294521331787,4,40,TRUE,TRUE
"40151","Woods","40",7.28459739685059,2,20,TRUE,TRUE
"44001","Bristol","44",7.31607866287231,1,257,TRUE,TRUE
"51678","Lexington","51",8.38639068603516,0,11,FALSE,TRUE
"54105","Wirt","54",8.40927600860596,0,8,FALSE,TRUE
"55069","Lincoln","55",9.13333129882812,5,18,TRUE,TRUE
"47083","Houston","47",7.98294448852539,0,8,FALSE,TRUE
"48115","Dawson","48",5.7239670753479,3,22,TRUE,TRUE
"26123","Newaygo","26",8.74736499786377,3,28,TRUE,TRUE
"27033","Cottonwood","27",8.16484642028809,7,96,TRUE,TRUE
"27087","Mahnomen","27",8.65549087524414,0,10,FALSE,TRUE
"17117","Macoupin","17",8.66197967529297,2,32,TRUE,TRUE
"05047","Franklin","05",8.30291080474854,3,14,TRUE,TRUE
"01017","Chambers","01",8.16894817352295,1,28,TRUE,TRUE
"48097","Cooke","48",8.40578842163086,5,28,TRUE,TRUE
"17191","Wayne","17",8.59410762786865,0,18,FALSE,TRUE
